nohup: ignoring input
  finetune : 351 images, 221 labels  (captures_1.5/images:160, captures_1/images:177, session_20260618:14)
  test     : 89 images, 58 labels  (captures_1.5/images:41, captures_1/images:44, session_20260618:4)
  appariement : 215 photo(s) téléphone rattachée(s) à 191 disposition(s) webcam (fenêtre 90s) ; 18 non appariée(s)
  planche de vérification (191 dispositions multi-vues) : data/finetune/pairs_preview.jpg
  audit : data/finetune/dispositions.csv

Pool fine-tuning -> data/finetune/captures_finetune
Test compost     -> data/finetune/captures_test/data.yaml
Regroupement des images : 351 fichiers hors convention cap_ -> 1 groupe par image
  + 351 groupes d'une seule image (302 -> train, 49 -> val)

Récapitulatif par split :
  train: 302 sessions, 302 images (dont 110 négatives, sans aucun label)
    Plastique: 101 instances
    Metal: 261 instances
    Carton: 4 instances
    Aluminium: 33 instances
    Ceramique: 42 instances
    Verre: 16 instances
    Composite: 9 instances
    Eponge: 0 instances
  val: 49 sessions, 49 images (dont 20 négatives, sans aucun label)
    Plastique: 12 instances
    Metal: 33 instances
    Carton: 1 instances
    Aluminium: 3 instances
    Ceramique: 10 instances
    Verre: 2 instances
    Composite: 1 instances
    Eponge: 0 instances
  test: 0 sessions, 0 images (dont 0 négatives, sans aucun label)
    Plastique: 0 instances
    Metal: 0 instances
    Carton: 0 instances
    Aluminium: 0 instances
    Ceramique: 0 instances
    Verre: 0 instances
    Composite: 0 instances
    Eponge: 0 instances
  ATTENTION : le split 'test' est vide.
ATTENTION : la classe 'Eponge' est absente de : train, val

Dataset prêt : data/finetune/dataset_finetune/data.yaml
Ultralytics 8.4.65 🚀 Python-3.12.3 torch-2.12.0+cu130 CUDA:0 (NVIDIA GeForce RTX 4060 Laptop GPU, 8188MiB)
rt-detr-l summary: 310 layers, 32,000,180 parameters, 0 gradients, 103.5 GFLOPs
[34m[1mval: [0mFast image access ✅ (ping: 0.0±0.0 ms, read: 3594.6±343.2 MB/s, size: 6312.9 KB)
[K[34m[1mval: [0mScanning /home/aliikched/stage/Compost_Waste_Yolo/compost-yolo/data/finetune/captures_test/labels/test... 56 images, 28 backgrounds, 0 corrupt: 94% ━━━━━━━━━━━─ 84/89 249.4it/s 0.1s<0.0s[K[34m[1mval: [0mScanning /home/aliikched/stage/Compost_Waste_Yolo/compost-yolo/data/finetune/captures_test/labels/test... 58 images, 31 backgrounds, 0 corrupt: 100% ━━━━━━━━━━━━ 89/89 879.2it/s 0.1s
[34m[1mval: [0mNew cache created: /home/aliikched/stage/Compost_Waste_Yolo/compost-yolo/data/finetune/captures_test/labels/test.cache
[K                 Class     Images  Instances      Box(P          R      mAP50  mAP50-95): 16% ━━────────── 1/6 6.9s/it 2.1s<34.5s[K                 Class     Images  Instances      Box(P          R      mAP50  mAP50-95): 33% ━━━━──────── 2/6 3.2s/it 3.5s<12.7s[K                 Class     Images  Instances      Box(P          R      mAP50  mAP50-95): 50% ━━━━━━────── 3/6 1.8s/it 4.3s<5.3s[K                 Class     Images  Instances      Box(P          R      mAP50  mAP50-95): 66% ━━━━━━━━──── 4/6 1.1s/it 5.0s<2.3s[K                 Class     Images  Instances      Box(P          R      mAP50  mAP50-95): 83% ━━━━━━━━━━── 5/6 1.1it/s 5.5s<0.9s[K                 Class     Images  Instances      Box(P          R      mAP50  mAP50-95): 100% ━━━━━━━━━━━━ 6/6 1.0it/s 5.8s
                   all         89        116      0.847     0.0712     0.0664     0.0581
             Plastique         20         20      0.221      0.227      0.164      0.138
                 Metal         42         75          1          0     0.0148    0.00791
             Aluminium          4          5       0.86        0.2       0.22      0.203
             Ceramique          4          4          1          0          0          0
                 Verre          6          6          1          0   0.000103   9.31e-05
             Composite          4          6          1          0          0          0
Speed: 3.1ms preprocess, 33.5ms inference, 0.0ms loss, 0.6ms postprocess per image
Results saved to [1m/home/aliikched/stage/Compost_Waste_Yolo/compost-yolo/runs/eval_pretrain_test_20-07_08h31/ultralytics_val[0m

89 images évaluées sur le split 'test'

Métriques par classe (conf >= 0.25, IoU >= 0.5) :
  classe        n_gt    tp    fp    fn  rappel précision
  Plastique       20    15   824     5   0.750     0.018
  Metal           75     0     0    75   0.000       -  
  Carton           0     0     3     0     -       0.000
  Aluminium        5     2    36     3   0.400     0.053
  Ceramique        4     0     2     4   0.000     0.000
  Verre            6     0    20     6   0.000     0.000
  Composite        6     0     0     6   0.000       -  
  Eponge           0     0     0     0     -         -  
Tableau par classe (image) : runs/eval_pretrain_test_20-07_08h31/per_class_metrics.png

Métrique niveau image (classes intruses : Aluminium, Carton, Ceramique, Composite, Eponge, Metal, Plastique, Verre) :
  TP=55 FP=28 FN=3 TN=3
  rappel image    : 0.948
  précision image : 0.663

Images négatives : 31 — 2.74 détection(s) intruse(s) par image en moyenne
Matrices de confusion par classe : runs/eval_pretrain_test_20-07_08h31/confusion_matrices.png

Résultats écrits dans runs/eval_pretrain_test_20-07_08h31
Device : 0
New https://pypi.org/project/ultralytics/8.4.102 available 😃 Update with 'pip install -U ultralytics'
Ultralytics 8.4.65 🚀 Python-3.12.3 torch-2.12.0+cu130 CUDA:0 (NVIDIA GeForce RTX 4060 Laptop GPU, 8188MiB)
[34m[1mengine/trainer: [0magnostic_nms=False, amp=True, angle=1.0, augment=False, auto_augment=randaugment, batch=4, bgr=0.0, box=7.5, cache=False, cfg=None, classes=None, close_mosaic=10, cls=0.5, cls_pw=0.0, compile=False, conf=None, copy_paste=0.0, copy_paste_mode=flip, cos_lr=False, cutmix=0.0, data=/home/aliikched/stage/Compost_Waste_Yolo/compost-yolo/data/finetune/dataset_finetune/data.yaml, degrees=0.0, deterministic=True, device=0, dfl=1.5, dnn=False, dropout=0.0, dynamic=False, embed=None, end2end=None, epochs=50, erasing=0.4, exist_ok=False, fliplr=0.5, flipud=0.0, format=torchscript, fraction=1.0, freeze=None, half=False, hsv_h=0.015, hsv_s=0.7, hsv_v=0.4, imgsz=640, int8=False, iou=0.7, keras=False, kobj=1.0, line_width=None, lr0=0.001, lrf=0.01, mask_ratio=4, max_det=300, mixup=0.0, mode=train, model=/home/aliikched/stage/Compost_Waste_Yolo/compost-yolo/models/pretrain_rtdetr-l.pt, momentum=0.937, mosaic=1.0, multi_scale=0.0, name=finetune_20-07_08h32, nbs=64, nms=False, opset=None, optimize=False, optimizer=auto, overlap_mask=True, patience=20, perspective=0.0, plots=True, pose=12.0, pretrained=True, profile=False, project=/home/aliikched/stage/Compost_Waste_Yolo/compost-yolo/runs, rect=False, resume=False, retina_masks=False, rle=1.0, save=True, save_conf=False, save_crop=False, save_dir=/home/aliikched/stage/Compost_Waste_Yolo/compost-yolo/runs/finetune_20-07_08h32, save_frames=False, save_json=False, save_period=-1, save_txt=False, scale=0.5, seed=42, shear=0.0, show=False, show_boxes=True, show_conf=True, show_labels=True, simplify=True, single_cls=False, source=None, split=val, stream_buffer=False, task=detect, time=None, tracker=botsort.yaml, translate=0.1, val=True, verbose=True, vid_stride=1, visualize=False, warmup_bias_lr=0.1, warmup_epochs=3.0, warmup_momentum=0.8, weight_decay=0.0005, workers=2, workspace=None
WARNING ⚠️ no model scale passed. Assuming scale='l'.

                   from  n    params  module                                       arguments                     
  0                  -1  1     25248  ultralytics.nn.modules.block.HGStem          [3, 32, 48]                   
  1                  -1  6    155072  ultralytics.nn.modules.block.HGBlock         [48, 48, 128, 3, 6]           
  2                  -1  1      1408  ultralytics.nn.modules.conv.DWConv           [128, 128, 3, 2, 1, False]    
  3                  -1  6    839296  ultralytics.nn.modules.block.HGBlock         [128, 96, 512, 3, 6]          
  4                  -1  1      5632  ultralytics.nn.modules.conv.DWConv           [512, 512, 3, 2, 1, False]    
  5                  -1  6   1695360  ultralytics.nn.modules.block.HGBlock         [512, 192, 1024, 5, 6, True, False]
  6                  -1  6   2055808  ultralytics.nn.modules.block.HGBlock         [1024, 192, 1024, 5, 6, True, True]
  7                  -1  6   2055808  ultralytics.nn.modules.block.HGBlock         [1024, 192, 1024, 5, 6, True, True]
  8                  -1  1     11264  ultralytics.nn.modules.conv.DWConv           [1024, 1024, 3, 2, 1, False]  
  9                  -1  6   6708480  ultralytics.nn.modules.block.HGBlock         [1024, 384, 2048, 5, 6, True, False]
 10                  -1  1    524800  ultralytics.nn.modules.conv.Conv             [2048, 256, 1, 1, None, 1, 1, False]
 11                  -1  1    789760  ultralytics.nn.modules.transformer.AIFI      [256, 1024, 8]                
 12                  -1  1     66048  ultralytics.nn.modules.conv.Conv             [256, 256, 1, 1]              
 13                  -1  1         0  torch.nn.modules.upsampling.Upsample         [None, 2, 'nearest']          
 14                   7  1    262656  ultralytics.nn.modules.conv.Conv             [1024, 256, 1, 1, None, 1, 1, False]
 15            [-2, -1]  1         0  ultralytics.nn.modules.conv.Concat           [1]                           
 16                  -1  3   2232320  ultralytics.nn.modules.block.RepC3           [512, 256, 3]                 
 17                  -1  1     66048  ultralytics.nn.modules.conv.Conv             [256, 256, 1, 1]              
 18                  -1  1         0  torch.nn.modules.upsampling.Upsample         [None, 2, 'nearest']          
 19                   3  1    131584  ultralytics.nn.modules.conv.Conv             [512, 256, 1, 1, None, 1, 1, False]
 20            [-2, -1]  1         0  ultralytics.nn.modules.conv.Concat           [1]                           
 21                  -1  3   2232320  ultralytics.nn.modules.block.RepC3           [512, 256, 3]                 
 22                  -1  1    590336  ultralytics.nn.modules.conv.Conv             [256, 256, 3, 2]              
 23            [-1, 17]  1         0  ultralytics.nn.modules.conv.Concat           [1]                           
 24                  -1  3   2232320  ultralytics.nn.modules.block.RepC3           [512, 256, 3]                 
 25                  -1  1    590336  ultralytics.nn.modules.conv.Conv             [256, 256, 3, 2]              
 26            [-1, 12]  1         0  ultralytics.nn.modules.conv.Concat           [1]                           
 27                  -1  3   2232320  ultralytics.nn.modules.block.RepC3           [512, 256, 3]                 
 28        [21, 24, 27]  1   7318292  ultralytics.nn.modules.head.RTDETRDecoder    [8, [256, 256, 256]]          
rt-detr-l summary: 465 layers, 32,822,516 parameters, 32,822,516 gradients, 108.0 GFLOPs

Transferred 941/941 items from pretrained weights
[34m[1mAMP: [0mrunning Automatic Mixed Precision (AMP) checks...
[34m[1mAMP: [0mchecks passed ✅
[34m[1mtrain: [0mFast image access ✅ (ping: 0.0±0.0 ms, read: 162.0±92.8 MB/s, size: 13635.0 KB)
[K[34m[1mtrain: [0mScanning /home/aliikched/stage/Compost_Waste_Yolo/compost-yolo/data/finetune/dataset_finetune/labels/train.cache... 192 images, 110 backgrounds, 0 corrupt: 100% ━━━━━━━━━━━━ 302/302 50.7Mit/s 0.0s
[34m[1mtrain: [0m/home/aliikched/stage/Compost_Waste_Yolo/compost-yolo/data/finetune/dataset_finetune/images/train/20260618_105217.jpg: corrupt JPEG restored and saved
[34m[1mtrain: [0m/home/aliikched/stage/Compost_Waste_Yolo/compost-yolo/data/finetune/dataset_finetune/images/train/20260618_105338.jpg: corrupt JPEG restored and saved
[34m[1mtrain: [0m/home/aliikched/stage/Compost_Waste_Yolo/compost-yolo/data/finetune/dataset_finetune/images/train/20260618_105358.jpg: corrupt JPEG restored and saved
[34m[1mtrain: [0m/home/aliikched/stage/Compost_Waste_Yolo/compost-yolo/data/finetune/dataset_finetune/images/train/20260618_105607.jpg: corrupt JPEG restored and saved
[34m[1mtrain: [0m/home/aliikched/stage/Compost_Waste_Yolo/compost-yolo/data/finetune/dataset_finetune/images/train/20260618_105611.jpg: corrupt JPEG restored and saved
[34m[1mtrain: [0m/home/aliikched/stage/Compost_Waste_Yolo/compost-yolo/data/finetune/dataset_finetune/images/train/20260618_105647.jpg: corrupt JPEG restored and saved
[34m[1mtrain: [0m/home/aliikched/stage/Compost_Waste_Yolo/compost-yolo/data/finetune/dataset_finetune/images/train/20260618_105729.jpg: corrupt JPEG restored and saved
[34m[1mtrain: [0m/home/aliikched/stage/Compost_Waste_Yolo/compost-yolo/data/finetune/dataset_finetune/images/train/20260618_105912.jpg: corrupt JPEG restored and saved
[34m[1mtrain: [0m/home/aliikched/stage/Compost_Waste_Yolo/compost-yolo/data/finetune/dataset_finetune/images/train/20260618_111705.jpg: corrupt JPEG restored and saved
[34m[1mtrain: [0m/home/aliikched/stage/Compost_Waste_Yolo/compost-yolo/data/finetune/dataset_finetune/images/train/20260618_111726.jpg: corrupt JPEG restored and saved
[34m[1mtrain: [0m/home/aliikched/stage/Compost_Waste_Yolo/compost-yolo/data/finetune/dataset_finetune/images/train/20260618_111729.jpg: corrupt JPEG restored and saved
[34m[1mtrain: [0m/home/aliikched/stage/Compost_Waste_Yolo/compost-yolo/data/finetune/dataset_finetune/images/train/20260618_111732.jpg: corrupt JPEG restored and saved
[34m[1mtrain: [0m/home/aliikched/stage/Compost_Waste_Yolo/compost-yolo/data/finetune/dataset_finetune/images/train/20260618_111755.jpg: corrupt JPEG restored and saved
[34m[1mtrain: [0m/home/aliikched/stage/Compost_Waste_Yolo/compost-yolo/data/finetune/dataset_finetune/images/train/20260618_111807.jpg: corrupt JPEG restored and saved
[34m[1mtrain: [0m/home/aliikched/stage/Compost_Waste_Yolo/compost-yolo/data/finetune/dataset_finetune/images/train/20260618_111809.jpg: corrupt JPEG restored and saved
[34m[1mtrain: [0m/home/aliikched/stage/Compost_Waste_Yolo/compost-yolo/data/finetune/dataset_finetune/images/train/20260618_111854.jpg: corrupt JPEG restored and saved
[34m[1mtrain: [0m/home/aliikched/stage/Compost_Waste_Yolo/compost-yolo/data/finetune/dataset_finetune/images/train/20260618_111904.jpg: corrupt JPEG restored and saved
[34m[1mtrain: [0m/home/aliikched/stage/Compost_Waste_Yolo/compost-yolo/data/finetune/dataset_finetune/images/train/20260618_111937.jpg: corrupt JPEG restored and saved
[34m[1mtrain: [0m/home/aliikched/stage/Compost_Waste_Yolo/compost-yolo/data/finetune/dataset_finetune/images/train/20260618_111945.jpg: corrupt JPEG restored and saved
[34m[1mtrain: [0m/home/aliikched/stage/Compost_Waste_Yolo/compost-yolo/data/finetune/dataset_finetune/images/train/20260618_112048.jpg: corrupt JPEG restored and saved
[34m[1mtrain: [0m/home/aliikched/stage/Compost_Waste_Yolo/compost-yolo/data/finetune/dataset_finetune/images/train/20260618_112131.jpg: corrupt JPEG restored and saved
[34m[1mtrain: [0m/home/aliikched/stage/Compost_Waste_Yolo/compost-yolo/data/finetune/dataset_finetune/images/train/20260618_112134.jpg: corrupt JPEG restored and saved
[34m[1mtrain: [0m/home/aliikched/stage/Compost_Waste_Yolo/compost-yolo/data/finetune/dataset_finetune/images/train/20260618_112202.jpg: corrupt JPEG restored and saved
[34m[1mtrain: [0m/home/aliikched/stage/Compost_Waste_Yolo/compost-yolo/data/finetune/dataset_finetune/images/train/20260618_112204.jpg: corrupt JPEG restored and saved
[34m[1mtrain: [0m/home/aliikched/stage/Compost_Waste_Yolo/compost-yolo/data/finetune/dataset_finetune/images/train/20260618_112300.jpg: corrupt JPEG restored and saved
[34m[1mtrain: [0m/home/aliikched/stage/Compost_Waste_Yolo/compost-yolo/data/finetune/dataset_finetune/images/train/20260618_112322.jpg: corrupt JPEG restored and saved
[34m[1mtrain: [0m/home/aliikched/stage/Compost_Waste_Yolo/compost-yolo/data/finetune/dataset_finetune/images/train/20260618_112332.jpg: corrupt JPEG restored and saved
[34m[1mtrain: [0m/home/aliikched/stage/Compost_Waste_Yolo/compost-yolo/data/finetune/dataset_finetune/images/train/20260618_112349.jpg: corrupt JPEG restored and saved
[34m[1mtrain: [0m/home/aliikched/stage/Compost_Waste_Yolo/compost-yolo/data/finetune/dataset_finetune/images/train/20260618_112450.jpg: corrupt JPEG restored and saved
[34m[1mtrain: [0m/home/aliikched/stage/Compost_Waste_Yolo/compost-yolo/data/finetune/dataset_finetune/images/train/20260618_113221.jpg: corrupt JPEG restored and saved
[34m[1mtrain: [0m/home/aliikched/stage/Compost_Waste_Yolo/compost-yolo/data/finetune/dataset_finetune/images/train/20260618_113437.jpg: corrupt JPEG restored and saved
[34m[1mtrain: [0m/home/aliikched/stage/Compost_Waste_Yolo/compost-yolo/data/finetune/dataset_finetune/images/train/20260618_113450.jpg: corrupt JPEG restored and saved
[34m[1mtrain: [0m/home/aliikched/stage/Compost_Waste_Yolo/compost-yolo/data/finetune/dataset_finetune/images/train/20260618_113530.jpg: corrupt JPEG restored and saved
[34m[1mtrain: [0m/home/aliikched/stage/Compost_Waste_Yolo/compost-yolo/data/finetune/dataset_finetune/images/train/20260618_113610.jpg: corrupt JPEG restored and saved
[34m[1mtrain: [0m/home/aliikched/stage/Compost_Waste_Yolo/compost-yolo/data/finetune/dataset_finetune/images/train/20260618_113701.jpg: corrupt JPEG restored and saved
[34m[1mtrain: [0m/home/aliikched/stage/Compost_Waste_Yolo/compost-yolo/data/finetune/dataset_finetune/images/train/20260618_113933.jpg: corrupt JPEG restored and saved
[34m[1mtrain: [0m/home/aliikched/stage/Compost_Waste_Yolo/compost-yolo/data/finetune/dataset_finetune/images/train/20260618_114052.jpg: corrupt JPEG restored and saved
[34m[1mtrain: [0m/home/aliikched/stage/Compost_Waste_Yolo/compost-yolo/data/finetune/dataset_finetune/images/train/20260618_114124.jpg: corrupt JPEG restored and saved
[34m[1mtrain: [0m/home/aliikched/stage/Compost_Waste_Yolo/compost-yolo/data/finetune/dataset_finetune/images/train/20260618_114212.jpg: corrupt JPEG restored and saved
[34m[1mtrain: [0m/home/aliikched/stage/Compost_Waste_Yolo/compost-yolo/data/finetune/dataset_finetune/images/train/20260618_114243.jpg: corrupt JPEG restored and saved
[34m[1mtrain: [0m/home/aliikched/stage/Compost_Waste_Yolo/compost-yolo/data/finetune/dataset_finetune/images/train/20260618_114336.jpg: corrupt JPEG restored and saved
[34m[1mtrain: [0m/home/aliikched/stage/Compost_Waste_Yolo/compost-yolo/data/finetune/dataset_finetune/images/train/20260618_114403.jpg: corrupt JPEG restored and saved
[34m[1mtrain: [0m/home/aliikched/stage/Compost_Waste_Yolo/compost-yolo/data/finetune/dataset_finetune/images/train/20260618_114431.jpg: corrupt JPEG restored and saved
[34m[1mtrain: [0m/home/aliikched/stage/Compost_Waste_Yolo/compost-yolo/data/finetune/dataset_finetune/images/train/20260618_114443.jpg: corrupt JPEG restored and saved
[34m[1mtrain: [0m/home/aliikched/stage/Compost_Waste_Yolo/compost-yolo/data/finetune/dataset_finetune/images/train/20260618_114607.jpg: corrupt JPEG restored and saved
[34m[1mtrain: [0m/home/aliikched/stage/Compost_Waste_Yolo/compost-yolo/data/finetune/dataset_finetune/images/train/20260618_114626.jpg: corrupt JPEG restored and saved
[34m[1mtrain: [0m/home/aliikched/stage/Compost_Waste_Yolo/compost-yolo/data/finetune/dataset_finetune/images/train/20260618_115132.jpg: corrupt JPEG restored and saved
[34m[1mtrain: [0m/home/aliikched/stage/Compost_Waste_Yolo/compost-yolo/data/finetune/dataset_finetune/images/train/20260618_115159.jpg: corrupt JPEG restored and saved
[34m[1mtrain: [0m/home/aliikched/stage/Compost_Waste_Yolo/compost-yolo/data/finetune/dataset_finetune/images/train/20260618_115209.jpg: corrupt JPEG restored and saved
[34m[1mtrain: [0m/home/aliikched/stage/Compost_Waste_Yolo/compost-yolo/data/finetune/dataset_finetune/images/train/20260618_115239.jpg: corrupt JPEG restored and saved
[34m[1mtrain: [0m/home/aliikched/stage/Compost_Waste_Yolo/compost-yolo/data/finetune/dataset_finetune/images/train/20260618_115254.jpg: corrupt JPEG restored and saved
[34m[1mtrain: [0m/home/aliikched/stage/Compost_Waste_Yolo/compost-yolo/data/finetune/dataset_finetune/images/train/20260618_115306.jpg: corrupt JPEG restored and saved
[34m[1mtrain: [0m/home/aliikched/stage/Compost_Waste_Yolo/compost-yolo/data/finetune/dataset_finetune/images/train/20260618_115331.jpg: corrupt JPEG restored and saved
[34m[1mtrain: [0m/home/aliikched/stage/Compost_Waste_Yolo/compost-yolo/data/finetune/dataset_finetune/images/train/20260618_115346.jpg: corrupt JPEG restored and saved
[34m[1mtrain: [0m/home/aliikched/stage/Compost_Waste_Yolo/compost-yolo/data/finetune/dataset_finetune/images/train/20260618_115426.jpg: corrupt JPEG restored and saved
[34m[1mtrain: [0m/home/aliikched/stage/Compost_Waste_Yolo/compost-yolo/data/finetune/dataset_finetune/images/train/20260618_115617.jpg: corrupt JPEG restored and saved
[34m[1mtrain: [0m/home/aliikched/stage/Compost_Waste_Yolo/compost-yolo/data/finetune/dataset_finetune/images/train/20260618_115712.jpg: corrupt JPEG restored and saved
[34m[1mtrain: [0m/home/aliikched/stage/Compost_Waste_Yolo/compost-yolo/data/finetune/dataset_finetune/images/train/20260618_115735.jpg: corrupt JPEG restored and saved
[34m[1mtrain: [0m/home/aliikched/stage/Compost_Waste_Yolo/compost-yolo/data/finetune/dataset_finetune/images/train/20260618_115834.jpg: corrupt JPEG restored and saved
[34m[1mtrain: [0m/home/aliikched/stage/Compost_Waste_Yolo/compost-yolo/data/finetune/dataset_finetune/images/train/20260618_120209.jpg: corrupt JPEG restored and saved
[34m[1mtrain: [0m/home/aliikched/stage/Compost_Waste_Yolo/compost-yolo/data/finetune/dataset_finetune/images/train/20260618_120238.jpg: corrupt JPEG restored and saved
[34m[1mtrain: [0m/home/aliikched/stage/Compost_Waste_Yolo/compost-yolo/data/finetune/dataset_finetune/images/train/20260618_120347.jpg: corrupt JPEG restored and saved
[34m[1mtrain: [0m/home/aliikched/stage/Compost_Waste_Yolo/compost-yolo/data/finetune/dataset_finetune/images/train/20260618_120415.jpg: corrupt JPEG restored and saved
[34m[1mtrain: [0m/home/aliikched/stage/Compost_Waste_Yolo/compost-yolo/data/finetune/dataset_finetune/images/train/20260618_120418.jpg: corrupt JPEG restored and saved
[34m[1mtrain: [0m/home/aliikched/stage/Compost_Waste_Yolo/compost-yolo/data/finetune/dataset_finetune/images/train/20260618_120457.jpg: corrupt JPEG restored and saved
[34m[1mtrain: [0m/home/aliikched/stage/Compost_Waste_Yolo/compost-yolo/data/finetune/dataset_finetune/images/train/20260618_120515.jpg: corrupt JPEG restored and saved
[34m[1mtrain: [0m/home/aliikched/stage/Compost_Waste_Yolo/compost-yolo/data/finetune/dataset_finetune/images/train/20260618_120633.jpg: corrupt JPEG restored and saved
[34m[1mtrain: [0m/home/aliikched/stage/Compost_Waste_Yolo/compost-yolo/data/finetune/dataset_finetune/images/train/20260618_120847.jpg: corrupt JPEG restored and saved
[34m[1mtrain: [0m/home/aliikched/stage/Compost_Waste_Yolo/compost-yolo/data/finetune/dataset_finetune/images/train/20260618_120900.jpg: corrupt JPEG restored and saved
[34m[1mtrain: [0m/home/aliikched/stage/Compost_Waste_Yolo/compost-yolo/data/finetune/dataset_finetune/images/train/20260618_121022.jpg: corrupt JPEG restored and saved
[34m[1mtrain: [0m/home/aliikched/stage/Compost_Waste_Yolo/compost-yolo/data/finetune/dataset_finetune/images/train/20260618_121457.jpg: corrupt JPEG restored and saved
[34m[1mtrain: [0m/home/aliikched/stage/Compost_Waste_Yolo/compost-yolo/data/finetune/dataset_finetune/images/train/20260618_121617.jpg: corrupt JPEG restored and saved
[34m[1mtrain: [0m/home/aliikched/stage/Compost_Waste_Yolo/compost-yolo/data/finetune/dataset_finetune/images/train/20260618_121630.jpg: corrupt JPEG restored and saved
[34m[1mtrain: [0m/home/aliikched/stage/Compost_Waste_Yolo/compost-yolo/data/finetune/dataset_finetune/images/train/20260618_121740.jpg: corrupt JPEG restored and saved
[34m[1mtrain: [0m/home/aliikched/stage/Compost_Waste_Yolo/compost-yolo/data/finetune/dataset_finetune/images/train/20260618_121832.jpg: corrupt JPEG restored and saved
[34m[1mtrain: [0m/home/aliikched/stage/Compost_Waste_Yolo/compost-yolo/data/finetune/dataset_finetune/images/train/20260618_122009.jpg: corrupt JPEG restored and saved
[34m[1mtrain: [0m/home/aliikched/stage/Compost_Waste_Yolo/compost-yolo/data/finetune/dataset_finetune/images/train/20260618_122106.jpg: corrupt JPEG restored and saved
[34m[1mtrain: [0m/home/aliikched/stage/Compost_Waste_Yolo/compost-yolo/data/finetune/dataset_finetune/images/train/20260618_122132.jpg: corrupt JPEG restored and saved
[34m[1mtrain: [0m/home/aliikched/stage/Compost_Waste_Yolo/compost-yolo/data/finetune/dataset_finetune/images/train/20260618_122253.jpg: corrupt JPEG restored and saved
[34m[1mtrain: [0m/home/aliikched/stage/Compost_Waste_Yolo/compost-yolo/data/finetune/dataset_finetune/images/train/20260618_122414.jpg: corrupt JPEG restored and saved
[34m[1mtrain: [0m/home/aliikched/stage/Compost_Waste_Yolo/compost-yolo/data/finetune/dataset_finetune/images/train/20260618_122514.jpg: corrupt JPEG restored and saved
[34m[1mtrain: [0m/home/aliikched/stage/Compost_Waste_Yolo/compost-yolo/data/finetune/dataset_finetune/images/train/20260618_122745.jpg: corrupt JPEG restored and saved
[34m[1mtrain: [0m/home/aliikched/stage/Compost_Waste_Yolo/compost-yolo/data/finetune/dataset_finetune/images/train/20260618_122839.jpg: corrupt JPEG restored and saved
[34m[1mtrain: [0m/home/aliikched/stage/Compost_Waste_Yolo/compost-yolo/data/finetune/dataset_finetune/images/train/20260618_123023.jpg: corrupt JPEG restored and saved
[34m[1mtrain: [0m/home/aliikched/stage/Compost_Waste_Yolo/compost-yolo/data/finetune/dataset_finetune/images/train/20260618_123105.jpg: corrupt JPEG restored and saved
[34m[1mtrain: [0m/home/aliikched/stage/Compost_Waste_Yolo/compost-yolo/data/finetune/dataset_finetune/images/train/20260618_123137.jpg: corrupt JPEG restored and saved
[34m[1mtrain: [0m/home/aliikched/stage/Compost_Waste_Yolo/compost-yolo/data/finetune/dataset_finetune/images/train/20260618_123334.jpg: corrupt JPEG restored and saved
[34m[1mtrain: [0m/home/aliikched/stage/Compost_Waste_Yolo/compost-yolo/data/finetune/dataset_finetune/images/train/20260618_123457.jpg: corrupt JPEG restored and saved
[34m[1mtrain: [0m/home/aliikched/stage/Compost_Waste_Yolo/compost-yolo/data/finetune/dataset_finetune/images/train/20260618_123459.jpg: corrupt JPEG restored and saved
[34m[1mtrain: [0m/home/aliikched/stage/Compost_Waste_Yolo/compost-yolo/data/finetune/dataset_finetune/images/train/20260618_123501.jpg: corrupt JPEG restored and saved
[34m[1mtrain: [0m/home/aliikched/stage/Compost_Waste_Yolo/compost-yolo/data/finetune/dataset_finetune/images/train/20260618_123518.jpg: corrupt JPEG restored and saved
[34m[1mtrain: [0m/home/aliikched/stage/Compost_Waste_Yolo/compost-yolo/data/finetune/dataset_finetune/images/train/20260618_123628.jpg: corrupt JPEG restored and saved
[34m[1mtrain: [0m/home/aliikched/stage/Compost_Waste_Yolo/compost-yolo/data/finetune/dataset_finetune/images/train/20260618_141004.jpg: corrupt JPEG restored and saved
[34m[1mtrain: [0m/home/aliikched/stage/Compost_Waste_Yolo/compost-yolo/data/finetune/dataset_finetune/images/train/20260618_141350.jpg: corrupt JPEG restored and saved
[34m[1mtrain: [0m/home/aliikched/stage/Compost_Waste_Yolo/compost-yolo/data/finetune/dataset_finetune/images/train/20260618_141430.jpg: corrupt JPEG restored and saved
[34m[1mtrain: [0m/home/aliikched/stage/Compost_Waste_Yolo/compost-yolo/data/finetune/dataset_finetune/images/train/20260618_141604.jpg: corrupt JPEG restored and saved
[34m[1mtrain: [0m/home/aliikched/stage/Compost_Waste_Yolo/compost-yolo/data/finetune/dataset_finetune/images/train/20260618_141832.jpg: corrupt JPEG restored and saved
[34m[1mtrain: [0m/home/aliikched/stage/Compost_Waste_Yolo/compost-yolo/data/finetune/dataset_finetune/images/train/20260618_141931.jpg: corrupt JPEG restored and saved
[34m[1mtrain: [0m/home/aliikched/stage/Compost_Waste_Yolo/compost-yolo/data/finetune/dataset_finetune/images/train/20260618_142301.jpg: corrupt JPEG restored and saved
[34m[1mtrain: [0m/home/aliikched/stage/Compost_Waste_Yolo/compost-yolo/data/finetune/dataset_finetune/images/train/20260618_142734.jpg: corrupt JPEG restored and saved
[34m[1mtrain: [0m/home/aliikched/stage/Compost_Waste_Yolo/compost-yolo/data/finetune/dataset_finetune/images/train/20260618_142853.jpg: corrupt JPEG restored and saved
[34m[1mtrain: [0m/home/aliikched/stage/Compost_Waste_Yolo/compost-yolo/data/finetune/dataset_finetune/images/train/20260618_143359.jpg: corrupt JPEG restored and saved
[34m[1mtrain: [0m/home/aliikched/stage/Compost_Waste_Yolo/compost-yolo/data/finetune/dataset_finetune/images/train/20260618_144927.jpg: corrupt JPEG restored and saved
[34m[1mtrain: [0m/home/aliikched/stage/Compost_Waste_Yolo/compost-yolo/data/finetune/dataset_finetune/images/train/20260618_150043.jpg: corrupt JPEG restored and saved
[34m[1mtrain: [0m/home/aliikched/stage/Compost_Waste_Yolo/compost-yolo/data/finetune/dataset_finetune/images/train/20260618_150850.jpg: corrupt JPEG restored and saved
[34m[1mtrain: [0m/home/aliikched/stage/Compost_Waste_Yolo/compost-yolo/data/finetune/dataset_finetune/images/train/20260618_151435.jpg: corrupt JPEG restored and saved
[34m[1mtrain: [0m/home/aliikched/stage/Compost_Waste_Yolo/compost-yolo/data/finetune/dataset_finetune/images/train/20260618_151601.jpg: corrupt JPEG restored and saved
[34m[1mtrain: [0m/home/aliikched/stage/Compost_Waste_Yolo/compost-yolo/data/finetune/dataset_finetune/images/train/20260618_151745.jpg: corrupt JPEG restored and saved
[34m[1mtrain: [0m/home/aliikched/stage/Compost_Waste_Yolo/compost-yolo/data/finetune/dataset_finetune/images/train/20260618_151902.jpg: corrupt JPEG restored and saved
[34m[1mtrain: [0m/home/aliikched/stage/Compost_Waste_Yolo/compost-yolo/data/finetune/dataset_finetune/images/train/20260618_152000.jpg: corrupt JPEG restored and saved
[34m[1mtrain: [0m/home/aliikched/stage/Compost_Waste_Yolo/compost-yolo/data/finetune/dataset_finetune/images/train/20260618_152053.jpg: corrupt JPEG restored and saved
[34m[1mtrain: [0m/home/aliikched/stage/Compost_Waste_Yolo/compost-yolo/data/finetune/dataset_finetune/images/train/20260618_152243.jpg: corrupt JPEG restored and saved
[34m[1mtrain: [0m/home/aliikched/stage/Compost_Waste_Yolo/compost-yolo/data/finetune/dataset_finetune/images/train/20260618_152329.jpg: corrupt JPEG restored and saved
[34m[1mtrain: [0m/home/aliikched/stage/Compost_Waste_Yolo/compost-yolo/data/finetune/dataset_finetune/images/train/20260618_152503.jpg: corrupt JPEG restored and saved
[34m[1mtrain: [0m/home/aliikched/stage/Compost_Waste_Yolo/compost-yolo/data/finetune/dataset_finetune/images/train/20260618_152710.jpg: corrupt JPEG restored and saved
[34m[1mtrain: [0m/home/aliikched/stage/Compost_Waste_Yolo/compost-yolo/data/finetune/dataset_finetune/images/train/20260618_154203.jpg: corrupt JPEG restored and saved
[34m[1mtrain: [0m/home/aliikched/stage/Compost_Waste_Yolo/compost-yolo/data/finetune/dataset_finetune/images/train/20260618_154222.jpg: corrupt JPEG restored and saved
[34m[1mtrain: [0m/home/aliikched/stage/Compost_Waste_Yolo/compost-yolo/data/finetune/dataset_finetune/images/train/20260618_154232.jpg: corrupt JPEG restored and saved
[34m[1mtrain: [0m/home/aliikched/stage/Compost_Waste_Yolo/compost-yolo/data/finetune/dataset_finetune/images/train/20260618_154249.jpg: corrupt JPEG restored and saved
[34m[1mtrain: [0m/home/aliikched/stage/Compost_Waste_Yolo/compost-yolo/data/finetune/dataset_finetune/images/train/20260618_154301.jpg: corrupt JPEG restored and saved
[34m[1mtrain: [0m/home/aliikched/stage/Compost_Waste_Yolo/compost-yolo/data/finetune/dataset_finetune/images/train/20260618_154315.jpg: corrupt JPEG restored and saved
[34m[1mtrain: [0m/home/aliikched/stage/Compost_Waste_Yolo/compost-yolo/data/finetune/dataset_finetune/images/train/20260618_154323.jpg: corrupt JPEG restored and saved
[34m[1mtrain: [0m/home/aliikched/stage/Compost_Waste_Yolo/compost-yolo/data/finetune/dataset_finetune/images/train/20260618_154419.jpg: corrupt JPEG restored and saved
[34m[1mtrain: [0m/home/aliikched/stage/Compost_Waste_Yolo/compost-yolo/data/finetune/dataset_finetune/images/train/20260618_154517.jpg: corrupt JPEG restored and saved
[34m[1mtrain: [0m/home/aliikched/stage/Compost_Waste_Yolo/compost-yolo/data/finetune/dataset_finetune/images/train/20260618_154532.jpg: corrupt JPEG restored and saved
[34m[1mtrain: [0m/home/aliikched/stage/Compost_Waste_Yolo/compost-yolo/data/finetune/dataset_finetune/images/train/20260618_154552.jpg: corrupt JPEG restored and saved
[34m[1mtrain: [0m/home/aliikched/stage/Compost_Waste_Yolo/compost-yolo/data/finetune/dataset_finetune/images/train/20260618_154604.jpg: corrupt JPEG restored and saved
[34m[1mtrain: [0m/home/aliikched/stage/Compost_Waste_Yolo/compost-yolo/data/finetune/dataset_finetune/images/train/20260618_154617.jpg: corrupt JPEG restored and saved
[34m[1mtrain: [0m/home/aliikched/stage/Compost_Waste_Yolo/compost-yolo/data/finetune/dataset_finetune/images/train/20260618_154708.jpg: corrupt JPEG restored and saved
[34m[1mtrain: [0m/home/aliikched/stage/Compost_Waste_Yolo/compost-yolo/data/finetune/dataset_finetune/images/train/20260618_154720.jpg: corrupt JPEG restored and saved
[34m[1mtrain: [0m/home/aliikched/stage/Compost_Waste_Yolo/compost-yolo/data/finetune/dataset_finetune/images/train/20260618_154819.jpg: corrupt JPEG restored and saved
[34m[1mtrain: [0m/home/aliikched/stage/Compost_Waste_Yolo/compost-yolo/data/finetune/dataset_finetune/images/train/20260618_154853.jpg: corrupt JPEG restored and saved
[34m[1mtrain: [0m/home/aliikched/stage/Compost_Waste_Yolo/compost-yolo/data/finetune/dataset_finetune/images/train/20260618_154905.jpg: corrupt JPEG restored and saved
[34m[1mtrain: [0m/home/aliikched/stage/Compost_Waste_Yolo/compost-yolo/data/finetune/dataset_finetune/images/train/20260618_155123.jpg: corrupt JPEG restored and saved
[34m[1mtrain: [0m/home/aliikched/stage/Compost_Waste_Yolo/compost-yolo/data/finetune/dataset_finetune/images/train/20260618_155152.jpg: corrupt JPEG restored and saved
[34m[1mtrain: [0m/home/aliikched/stage/Compost_Waste_Yolo/compost-yolo/data/finetune/dataset_finetune/images/train/20260618_155220.jpg: corrupt JPEG restored and saved
[34m[1mtrain: [0m/home/aliikched/stage/Compost_Waste_Yolo/compost-yolo/data/finetune/dataset_finetune/images/train/20260618_155250.jpg: corrupt JPEG restored and saved
[34m[1mtrain: [0m/home/aliikched/stage/Compost_Waste_Yolo/compost-yolo/data/finetune/dataset_finetune/images/train/20260618_155832.jpg: corrupt JPEG restored and saved
[34m[1mtrain: [0m/home/aliikched/stage/Compost_Waste_Yolo/compost-yolo/data/finetune/dataset_finetune/images/train/20260618_155925.jpg: corrupt JPEG restored and saved
[34m[1mtrain: [0m/home/aliikched/stage/Compost_Waste_Yolo/compost-yolo/data/finetune/dataset_finetune/images/train/20260618_160006.jpg: corrupt JPEG restored and saved
[34m[1mtrain: [0m/home/aliikched/stage/Compost_Waste_Yolo/compost-yolo/data/finetune/dataset_finetune/images/train/20260618_160038.jpg: corrupt JPEG restored and saved
[34m[1mtrain: [0m/home/aliikched/stage/Compost_Waste_Yolo/compost-yolo/data/finetune/dataset_finetune/images/train/20260618_161135.jpg: corrupt JPEG restored and saved
[34m[1mtrain: [0m/home/aliikched/stage/Compost_Waste_Yolo/compost-yolo/data/finetune/dataset_finetune/images/train/20260618_161402.jpg: corrupt JPEG restored and saved
[34m[1mtrain: [0m/home/aliikched/stage/Compost_Waste_Yolo/compost-yolo/data/finetune/dataset_finetune/images/train/20260618_161411.jpg: corrupt JPEG restored and saved
[34m[1mtrain: [0m/home/aliikched/stage/Compost_Waste_Yolo/compost-yolo/data/finetune/dataset_finetune/images/train/20260618_161434.jpg: corrupt JPEG restored and saved
[34m[1mtrain: [0m/home/aliikched/stage/Compost_Waste_Yolo/compost-yolo/data/finetune/dataset_finetune/images/train/20260618_161453.jpg: corrupt JPEG restored and saved
[34m[1mtrain: [0m/home/aliikched/stage/Compost_Waste_Yolo/compost-yolo/data/finetune/dataset_finetune/images/train/20260618_161520.jpg: corrupt JPEG restored and saved
[34m[1mtrain: [0m/home/aliikched/stage/Compost_Waste_Yolo/compost-yolo/data/finetune/dataset_finetune/images/train/20260618_161553.jpg: corrupt JPEG restored and saved
[34m[1mtrain: [0m/home/aliikched/stage/Compost_Waste_Yolo/compost-yolo/data/finetune/dataset_finetune/images/train/20260618_161724.jpg: corrupt JPEG restored and saved
[34m[1mtrain: [0m/home/aliikched/stage/Compost_Waste_Yolo/compost-yolo/data/finetune/dataset_finetune/images/train/20260618_161911.jpg: corrupt JPEG restored and saved
[34m[1mtrain: [0m/home/aliikched/stage/Compost_Waste_Yolo/compost-yolo/data/finetune/dataset_finetune/images/train/20260618_162132.jpg: corrupt JPEG restored and saved
[34m[1mtrain: [0m/home/aliikched/stage/Compost_Waste_Yolo/compost-yolo/data/finetune/dataset_finetune/images/train/20260618_162258.jpg: corrupt JPEG restored and saved
[34m[1mtrain: [0m/home/aliikched/stage/Compost_Waste_Yolo/compost-yolo/data/finetune/dataset_finetune/images/train/20260618_162302.jpg: corrupt JPEG restored and saved
[34m[1mtrain: [0m/home/aliikched/stage/Compost_Waste_Yolo/compost-yolo/data/finetune/dataset_finetune/images/train/20260618_162304.jpg: corrupt JPEG restored and saved
[34m[1mtrain: [0m/home/aliikched/stage/Compost_Waste_Yolo/compost-yolo/data/finetune/dataset_finetune/images/train/20260618_162309.jpg: corrupt JPEG restored and saved
[34m[1mtrain: [0m/home/aliikched/stage/Compost_Waste_Yolo/compost-yolo/data/finetune/dataset_finetune/images/train/20260618_162312.jpg: corrupt JPEG restored and saved
[34m[1mtrain: [0m/home/aliikched/stage/Compost_Waste_Yolo/compost-yolo/data/finetune/dataset_finetune/images/train/20260618_162320.jpg: corrupt JPEG restored and saved
[34m[1mtrain: [0m/home/aliikched/stage/Compost_Waste_Yolo/compost-yolo/data/finetune/dataset_finetune/images/train/20260618_162326.jpg: corrupt JPEG restored and saved
[34m[1mtrain: [0m/home/aliikched/stage/Compost_Waste_Yolo/compost-yolo/data/finetune/dataset_finetune/images/train/20260618_162330.jpg: corrupt JPEG restored and saved
[34m[1mtrain: [0m/home/aliikched/stage/Compost_Waste_Yolo/compost-yolo/data/finetune/dataset_finetune/images/train/20260618_162340.jpg: corrupt JPEG restored and saved
[34m[1mtrain: [0m/home/aliikched/stage/Compost_Waste_Yolo/compost-yolo/data/finetune/dataset_finetune/images/train/20260618_162344.jpg: corrupt JPEG restored and saved
[34m[1mval: [0mFast image access ✅ (ping: 0.0±0.0 ms, read: 340.8±317.9 MB/s, size: 4378.7 KB)
[K[34m[1mval: [0mScanning /home/aliikched/stage/Compost_Waste_Yolo/compost-yolo/data/finetune/dataset_finetune/labels/val.cache... 29 images, 20 backgrounds, 0 corrupt: 100% ━━━━━━━━━━━━ 49/49 942.8Kit/s 0.0s
[34m[1mval: [0m/home/aliikched/stage/Compost_Waste_Yolo/compost-yolo/data/finetune/dataset_finetune/images/val/20260618_105400.jpg: corrupt JPEG restored and saved
[34m[1mval: [0m/home/aliikched/stage/Compost_Waste_Yolo/compost-yolo/data/finetune/dataset_finetune/images/val/20260618_105452.jpg: corrupt JPEG restored and saved
[34m[1mval: [0m/home/aliikched/stage/Compost_Waste_Yolo/compost-yolo/data/finetune/dataset_finetune/images/val/20260618_105539.jpg: corrupt JPEG restored and saved
[34m[1mval: [0m/home/aliikched/stage/Compost_Waste_Yolo/compost-yolo/data/finetune/dataset_finetune/images/val/20260618_105543.jpg: corrupt JPEG restored and saved
[34m[1mval: [0m/home/aliikched/stage/Compost_Waste_Yolo/compost-yolo/data/finetune/dataset_finetune/images/val/20260618_105653.jpg: corrupt JPEG restored and saved
[34m[1mval: [0m/home/aliikched/stage/Compost_Waste_Yolo/compost-yolo/data/finetune/dataset_finetune/images/val/20260618_112512.jpg: corrupt JPEG restored and saved
[34m[1mval: [0m/home/aliikched/stage/Compost_Waste_Yolo/compost-yolo/data/finetune/dataset_finetune/images/val/20260618_113241.jpg: corrupt JPEG restored and saved
[34m[1mval: [0m/home/aliikched/stage/Compost_Waste_Yolo/compost-yolo/data/finetune/dataset_finetune/images/val/20260618_113722.jpg: corrupt JPEG restored and saved
[34m[1mval: [0m/home/aliikched/stage/Compost_Waste_Yolo/compost-yolo/data/finetune/dataset_finetune/images/val/20260618_114256.jpg: corrupt JPEG restored and saved
[34m[1mval: [0m/home/aliikched/stage/Compost_Waste_Yolo/compost-yolo/data/finetune/dataset_finetune/images/val/20260618_115453.jpg: corrupt JPEG restored and saved
[34m[1mval: [0m/home/aliikched/stage/Compost_Waste_Yolo/compost-yolo/data/finetune/dataset_finetune/images/val/20260618_115546.jpg: corrupt JPEG restored and saved
[34m[1mval: [0m/home/aliikched/stage/Compost_Waste_Yolo/compost-yolo/data/finetune/dataset_finetune/images/val/20260618_120300.jpg: corrupt JPEG restored and saved
[34m[1mval: [0m/home/aliikched/stage/Compost_Waste_Yolo/compost-yolo/data/finetune/dataset_finetune/images/val/20260618_120905.jpg: corrupt JPEG restored and saved
[34m[1mval: [0m/home/aliikched/stage/Compost_Waste_Yolo/compost-yolo/data/finetune/dataset_finetune/images/val/20260618_121941.jpg: corrupt JPEG restored and saved
[34m[1mval: [0m/home/aliikched/stage/Compost_Waste_Yolo/compost-yolo/data/finetune/dataset_finetune/images/val/20260618_122457.jpg: corrupt JPEG restored and saved
[34m[1mval: [0m/home/aliikched/stage/Compost_Waste_Yolo/compost-yolo/data/finetune/dataset_finetune/images/val/20260618_144326.jpg: corrupt JPEG restored and saved
[34m[1mval: [0m/home/aliikched/stage/Compost_Waste_Yolo/compost-yolo/data/finetune/dataset_finetune/images/val/20260618_154402.jpg: corrupt JPEG restored and saved
[34m[1mval: [0m/home/aliikched/stage/Compost_Waste_Yolo/compost-yolo/data/finetune/dataset_finetune/images/val/20260618_154504.jpg: corrupt JPEG restored and saved
[34m[1mval: [0m/home/aliikched/stage/Compost_Waste_Yolo/compost-yolo/data/finetune/dataset_finetune/images/val/20260618_154745.jpg: corrupt JPEG restored and saved
[34m[1mval: [0m/home/aliikched/stage/Compost_Waste_Yolo/compost-yolo/data/finetune/dataset_finetune/images/val/20260618_161127.jpg: corrupt JPEG restored and saved
[34m[1mval: [0m/home/aliikched/stage/Compost_Waste_Yolo/compost-yolo/data/finetune/dataset_finetune/images/val/20260618_161444.jpg: corrupt JPEG restored and saved
[34m[1mval: [0m/home/aliikched/stage/Compost_Waste_Yolo/compost-yolo/data/finetune/dataset_finetune/images/val/20260618_161526.jpg: corrupt JPEG restored and saved
[34m[1mval: [0m/home/aliikched/stage/Compost_Waste_Yolo/compost-yolo/data/finetune/dataset_finetune/images/val/20260618_162237.jpg: corrupt JPEG restored and saved
[34m[1moptimizer:[0m 'optimizer=auto' found, ignoring 'lr0=0.001' and 'momentum=0.937' and determining best 'optimizer', 'lr0' and 'momentum' automatically... 
[34m[1moptimizer:[0m AdamW(lr=0.000833, momentum=0.9) with parameter groups 143 weight(decay=0.0), 206 weight(decay=0.0005), 226 bias(decay=0.0)
Plotting labels to /home/aliikched/stage/Compost_Waste_Yolo/compost-yolo/runs/finetune_20-07_08h32/labels.jpg... 
Image sizes 640 train, 640 val
Using 2 dataloader workers
Logging results to [1m/home/aliikched/stage/Compost_Waste_Yolo/compost-yolo/runs/finetune_20-07_08h32[0m
Starting training for 50 epochs...

      Epoch    GPU_mem  giou_loss   cls_loss    l1_loss  Instances       Size
/home/aliikched/stage/Compost_Waste_Yolo/compost-yolo/venv/lib/python3.12/site-packages/torch/autograd/graph.py:882: UserWarning: grid_sampler_2d_backward_cuda does not have a deterministic implementation, but you set 'torch.use_deterministic_algorithms(True, warn_only=True)'. You can file an issue at https://github.com/pytorch/pytorch/issues to help us prioritize adding deterministic support for this operation. (Triggered internally at /pytorch/aten/src/ATen/Context.cpp:160.)
  return Variable._execution_engine.run_backward(  # Calls into the C++ engine to run the backward pass
[K       1/50      10.6G      1.314      1.072     0.3633         12       1280: 0% ──────────── 0/76  17.7s[K       1/50      10.6G     0.9453      1.832     0.3088          7       1280: 1% ──────────── 1/76 38.8s/it 29.4s<48:29[K       1/50      10.6G     0.9215       1.68     0.3154         15       1280: 2% ──────────── 2/76 21.4s/it 39.8s<26:23[K       1/50      10.6G      1.008      1.608     0.3328         13       1280: 3% ──────────── 3/76 18.7s/it 54.3s<22:48[K       1/50      10.6G      1.045      1.507     0.3246         27       1280: 5% ╸─────────── 4/76 15.2s/it 1:05<18:16[K       1/50      10.7G      1.074      1.466     0.3504         22       1280: 6% ╸─────────── 5/76 14.4s/it 1:18<17:05[K       1/50      10.7G      1.175      1.383     0.3799         31       1280: 7% ╸─────────── 6/76 13.4s/it 1:29<15:41[K       1/50      10.7G      1.201      1.295     0.3854         29       1280: 9% ━─────────── 7/76 13.1s/it 1:42<15:07[K       1/50      10.7G      1.165      1.321     0.3698         16       1280: 10% ━─────────── 8/76 12.8s/it 1:54<14:29[K       1/50      10.7G      1.195      1.282      0.388         15       1280: 11% ━─────────── 9/76 12.2s/it 2:05<13:37[K       1/50      10.7G      1.216       1.27     0.3838         21       1280: 13% ━╸────────── 10/76 12.6s/it 2:19<13:54[K       1/50      10.7G       1.23      1.258     0.3876         24       1280: 14% ━╸────────── 11/76 12.5s/it 2:31<13:34[K       1/50      10.7G      1.241       1.25     0.3853         12       1280: 15% ━╸────────── 12/76 12.2s/it 2:42<12:58[K       1/50      10.7G      1.248      1.248     0.3876          8       1280: 17% ━━────────── 13/76 12.5s/it 2:56<13:08[K       1/50      10.7G      1.225      1.257     0.3803         19       1280: 18% ━━────────── 14/76 12.5s/it 3:08<12:57[K       1/50      10.7G      1.214      1.267     0.3759         29       1280: 19% ━━────────── 15/76 12.9s/it 3:22<13:08[K       1/50      10.7G      1.197      1.274     0.3728         15       1280: 21% ━━╸───────── 16/76 12.8s/it 3:35<12:47[K       1/50      10.7G      1.199      1.277      0.377         17       1280: 22% ━━╸───────── 17/76 12.5s/it 3:47<12:16[K       1/50      10.7G      1.194      1.292     0.3767         22       1280: 23% ━━╸───────── 18/76 12.8s/it 4:00<12:25[K       1/50      10.7G      1.183      1.301     0.3731         29       1280: 25% ━━━───────── 19/76 12.7s/it 4:13<12:06[K       1/50      10.7G      1.168      1.337     0.3682         14       1280: 26% ━━━───────── 20/76 12.9s/it 4:26<12:00[K       1/50      10.7G      1.176      1.326     0.3694         24       1280: 27% ━━━───────── 21/76 13.2s/it 4:40<12:05[K       1/50      10.7G      1.159      1.336     0.3661         23       1280: 28% ━━━───────── 22/76 13.0s/it 4:53<11:44[K       1/50      10.7G      1.148       1.35     0.3653         12       1280: 30% ━━━╸──────── 23/76 13.3s/it 5:07<11:46[K       1/50      10.7G      1.144      1.343     0.3647          9       1280: 31% ━━━╸──────── 24/76 13.0s/it 5:19<11:15[K       1/50      10.7G      1.135      1.349     0.3597         32       1280: 32% ━━━╸──────── 25/76 12.5s/it 5:31<10:39[K       1/50      10.7G      1.129      1.342     0.3535          6       1280: 34% ━━━━──────── 26/76 12.5s/it 5:43<10:25[K       1/50      10.7G      1.133      1.331     0.3534         24       1280: 35% ━━━━──────── 27/76 12.4s/it 5:55<10:08[K       1/50      10.7G      1.116      1.332     0.3531         13       1280: 36% ━━━━──────── 28/76 12.8s/it 6:09<10:12[K       1/50      10.7G      1.111      1.326      0.352         28       1280: 38% ━━━━╸─────── 29/76 12.7s/it 6:21<9:55[K       1/50      10.7G      1.137      1.293     0.3611         13       1280: 39% ━━━━╸─────── 30/76 12.8s/it 6:35<9:50[K       1/50      10.7G      1.126      1.283     0.3586         26       1280: 40% ━━━━╸─────── 31/76 11.9s/it 6:45<8:57[K       1/50      10.7G      1.121      1.286     0.3579         11       1280: 42% ━━━━━─────── 32/76 12.7s/it 6:60<9:18[K       1/50      10.7G       1.13      1.271     0.3593         27       1280: 43% ━━━━━─────── 33/76 13.0s/it 7:14<9:20[K       1/50      10.7G      1.125      1.276     0.3557          7       1280: 44% ━━━━━─────── 34/76 12.5s/it 7:25<8:47[K       1/50      10.7G      1.125      1.268     0.3579         15       1280: 46% ━━━━━╸────── 35/76 12.8s/it 7:39<8:45[K       1/50      10.7G      1.146      1.254     0.3643         17       1280: 47% ━━━━━╸────── 36/76 13.2s/it 7:53<8:48[K       1/50      10.7G      1.144       1.24     0.3649         21       1280: 48% ━━━━━╸────── 37/76 13.6s/it 8:07<8:49[K       1/50      10.7G      1.129      1.239     0.3615          8       1280: 50% ━━━━━━────── 38/76 13.4s/it 8:20<8:28[K       1/50      10.7G      1.123      1.237     0.3597         15       1280: 51% ━━━━━━────── 39/76 13.5s/it 8:34<8:21[K       1/50      10.7G      1.125      1.223     0.3594          9       1280: 52% ━━━━━━────── 40/76 14.2s/it 8:50<8:29[K       1/50      10.7G      1.113      1.228     0.3543         22       1280: 53% ━━━━━━────── 41/76 13.3s/it 9:02<7:47[K       1/50      10.7G      1.118      1.214     0.3536         14       1280: 55% ━━━━━━╸───── 42/76 13.5s/it 9:16<7:40[K       1/50      10.7G      1.116      1.207     0.3526         22       1280: 56% ━━━━━━╸───── 43/76 12.0s/it 9:25<6:35[K       1/50      10.7G      1.113      1.198     0.3527         16       1280: 57% ━━━━━━╸───── 44/76 12.6s/it 9:39<6:43[K       1/50      10.7G      1.105      1.192     0.3501         14       1280: 59% ━━━━━━━───── 45/76 12.8s/it 9:53<6:36[K       1/50      10.7G      1.105      1.187     0.3492         23       1280: 60% ━━━━━━━───── 46/76 13.2s/it 10:07<6:37[K       1/50      10.7G      1.107      1.179     0.3495         23       1280: 61% ━━━━━━━───── 47/76 13.4s/it 10:21<6:28[K       1/50      10.7G      1.106      1.167     0.3475         14       1280: 63% ━━━━━━━╸──── 48/76 13.0s/it 10:33<6:03[K       1/50      10.7G      1.107       1.16     0.3472         11       1280: 64% ━━━━━━━╸──── 49/76 12.7s/it 10:45<5:44[K       1/50      10.7G      1.105      1.148     0.3489         16       1280: 65% ━━━━━━━╸──── 50/76 12.9s/it 10:59<5:36[K       1/50      10.7G      1.098      1.149     0.3452         16       1280: 67% ━━━━━━━━──── 51/76 12.7s/it 11:11<5:17[K       1/50      10.7G      1.098      1.141      0.344         19       1280: 68% ━━━━━━━━──── 52/76 12.6s/it 11:23<5:02[K       1/50      10.7G      1.097      1.135     0.3435         19       1280: 69% ━━━━━━━━──── 53/76 12.4s/it 11:35<4:44[K       1/50      10.7G      1.103      1.127     0.3445         17       1280: 71% ━━━━━━━━╸─── 54/76 12.2s/it 11:47<4:27[K       1/50      10.7G        1.1      1.125     0.3421         11       1280: 72% ━━━━━━━━╸─── 55/76 12.0s/it 11:58<4:12[K       1/50      10.7G      1.096      1.117     0.3402         23       1280: 73% ━━━━━━━━╸─── 56/76 12.3s/it 12:11<4:06[K       1/50      10.7G      1.088      1.115     0.3372         22       1280: 75% ━━━━━━━━━─── 57/76 12.4s/it 12:24<3:55[K       1/50      10.7G      1.086       1.11      0.337         27       1280: 76% ━━━━━━━━━─── 58/76 12.5s/it 12:37<3:45[K       1/50      10.7G      1.091      1.103     0.3362         17       1280: 77% ━━━━━━━━━─── 59/76 13.0s/it 12:51<3:41[K       1/50      10.7G      1.088      1.098      0.334         43       1280: 78% ━━━━━━━━━─── 60/76 11.5s/it 13:00<3:04[K       1/50      10.7G      1.086       1.09     0.3335         16       1280: 80% ━━━━━━━━━╸── 61/76 12.3s/it 13:15<3:04[K       1/50      10.7G      1.082      1.085      0.331         20       1280: 81% ━━━━━━━━━╸── 62/76 12.3s/it 13:27<2:52[K       1/50      10.7G      1.076      1.084     0.3296         18       1280: 82% ━━━━━━━━━╸── 63/76 12.3s/it 13:39<2:40[K       1/50      10.7G      1.075      1.076     0.3308         23       1280: 84% ━━━━━━━━━━── 64/76 12.5s/it 13:52<2:30[K       1/50      10.7G      1.067      1.075     0.3285         12       1280: 85% ━━━━━━━━━━── 65/76 13.3s/it 14:08<2:26[K       1/50      10.7G      1.067      1.073     0.3281         15       1280: 86% ━━━━━━━━━━── 66/76 13.7s/it 14:23<2:17[K       1/50      10.7G       1.07      1.066     0.3304         20       1280: 88% ━━━━━━━━━━╸─ 67/76 14.0s/it 14:38<2:06[K       1/50      10.7G      1.064      1.066     0.3285         17       1280: 89% ━━━━━━━━━━╸─ 68/76 13.9s/it 14:51<1:51[K       1/50      10.7G      1.073      1.057     0.3287         21       1280: 90% ━━━━━━━━━━╸─ 69/76 14.1s/it 15:06<1:38[K       1/50      10.7G      1.067      1.058     0.3262         13       1280: 92% ━━━━━━━━━━━─ 70/76 14.0s/it 15:19<1:24[K       1/50      10.7G      1.066      1.053     0.3269         28       1280: 93% ━━━━━━━━━━━─ 71/76 13.7s/it 15:32<1:08[K       1/50      10.7G      1.065      1.048     0.3283         16       1280: 94% ━━━━━━━━━━━─ 72/76 14.4s/it 15:49<57.7s[K       1/50      10.7G      1.067      1.042     0.3283         27       1280: 96% ━━━━━━━━━━━╸ 73/76 13.9s/it 16:02<41.6s[K       1/50      10.7G       1.06      1.038      0.326         10       1280: 97% ━━━━━━━━━━━╸ 74/76 13.9s/it 16:16<27.8s[K       1/50      10.7G      1.059      1.032     0.3277          6       1280: 98% ━━━━━━━━━━━╸ 75/76 10.8s/it 16:23<10.8s[K       1/50      10.7G      1.059      1.032     0.3277          6       1280: 100% ━━━━━━━━━━━━ 76/76 12.9s/it 16:23
[K                 Class     Images  Instances      Box(P          R      mAP50  mAP50-95): 14% ━╸────────── 1/7 6.1s/it 1.8s<36.8s[K                 Class     Images  Instances      Box(P          R      mAP50  mAP50-95): 28% ━━━───────── 2/7 1.2s/it 2.3s<6.1s[K                 Class     Images  Instances      Box(P          R      mAP50  mAP50-95): 42% ━━━━━─────── 3/7 1.1it/s 2.9s<3.8s[K                 Class     Images  Instances      Box(P          R      mAP50  mAP50-95): 57% ━━━━━━╸───── 4/7 1.5it/s 3.3s<2.0s[K                 Class     Images  Instances      Box(P          R      mAP50  mAP50-95): 71% ━━━━━━━━╸─── 5/7 1.8it/s 3.7s<1.1s[K                 Class     Images  Instances      Box(P          R      mAP50  mAP50-95): 85% ━━━━━━━━━━── 6/7 2.3it/s 4.0s<0.4s[K                 Class     Images  Instances      Box(P          R      mAP50  mAP50-95): 100% ━━━━━━━━━━━━ 7/7 1.5it/s 4.6s
                   all         49         62      0.637      0.127      0.153      0.117

      Epoch    GPU_mem  giou_loss   cls_loss    l1_loss  Instances       Size
/home/aliikched/stage/Compost_Waste_Yolo/compost-yolo/venv/lib/python3.12/site-packages/torch/autograd/graph.py:882: UserWarning: grid_sampler_2d_backward_cuda does not have a deterministic implementation, but you set 'torch.use_deterministic_algorithms(True, warn_only=True)'. You can file an issue at https://github.com/pytorch/pytorch/issues to help us prioritize adding deterministic support for this operation. (Triggered internally at /pytorch/aten/src/ATen/Context.cpp:160.)
  return Variable._execution_engine.run_backward(  # Calls into the C++ engine to run the backward pass
[K       2/50        11G     0.7894      0.872     0.2542         17       1280: 0% ──────────── 0/76  14.4s[K       2/50        11G      0.839     0.7747     0.2684         23       1280: 1% ──────────── 1/76 57.0s/it 31.5s<1:11:16[K       2/50        11G     0.7885     0.7215     0.2367         12       1280: 2% ──────────── 2/76 23.5s/it 41.5s<29:01[K       2/50        11G     0.8124     0.7853     0.2294         12       1280: 3% ──────────── 3/76 19.5s/it 55.3s<23:40[K       2/50        11G     0.7953     0.7614     0.2247         15       1280: 5% ╸─────────── 4/76 18.4s/it 1:12<22:08[K       2/50        11G     0.7754     0.7329     0.2244         19       1280: 6% ╸─────────── 5/76 17.3s/it 1:27<20:31[K       2/50        11G     0.7762     0.7327     0.2275         20       1280: 7% ╸─────────── 6/76 15.9s/it 1:40<18:33[K       2/50        11G     0.7973     0.7394     0.2268         19       1280: 9% ━─────────── 7/76 15.6s/it 1:55<17:53[K       2/50        11G     0.8147     0.7232      0.229         21       1280: 10% ━─────────── 8/76 15.9s/it 2:12<18:01[K       2/50        11G     0.8379     0.7257     0.2347         16       1280: 11% ━─────────── 9/76 15.2s/it 2:26<17:00[K       2/50        11G     0.8317     0.7214     0.2335         17       1280: 13% ━╸────────── 10/76 14.2s/it 2:38<15:38[K       2/50        11G     0.8317     0.7214     0.2335         17       1280: 14% ━╸────────── 11/76 1.1s/it 2:38<1:11[K       2/50        11G     0.8416     0.7148     0.2404         30       1280: 14% ━╸────────── 11/76 1.6s/it 2:50<1:42[K       2/50        11G     0.8347     0.7099     0.2369         16       1280: 15% ━╸────────── 12/76 2.1s/it 3:04<2:17[K       2/50        11G      0.837     0.7068     0.2339         12       1280: 17% ━━────────── 13/76 2.9s/it 3:17<3:00[K       2/50        11G     0.8482     0.7108     0.2435          7       1280: 18% ━━────────── 14/76 3.7s/it 3:30<3:52[K       2/50        11G     0.8598      0.709     0.2434         16       1280: 19% ━━────────── 15/76 4.8s/it 3:45<4:53[K       2/50        11G     0.8517     0.7114     0.2412         18       1280: 21% ━━╸───────── 16/76 6.0s/it 3:58<5:59[K       2/50        11G     0.8491     0.7018     0.2388         16       1280: 22% ━━╸───────── 17/76 7.2s/it 4:12<7:03[K       2/50        11G     0.8465     0.6992     0.2363         33       1280: 23% ━━╸───────── 18/76 8.4s/it 4:26<8:08[K       2/50        11G     0.8501     0.7007     0.2322         14       1280: 25% ━━━───────── 19/76 9.9s/it 4:42<9:22[K       2/50        11G     0.8595     0.6923     0.2325         26       1280: 26% ━━━───────── 20/76 11.1s/it 4:58<10:21[K       2/50        11G     0.8629     0.6938     0.2293         13       1280: 27% ━━━───────── 21/76 11.9s/it 5:12<10:52[K       2/50        11G     0.8507     0.7004      0.226         22       1280: 28% ━━━───────── 22/76 12.4s/it 5:26<11:08[K       2/50        11G     0.8391     0.6928     0.2258         16       1280: 30% ━━━╸──────── 23/76 13.3s/it 5:42<11:43[K       2/50        11G     0.8296     0.6932     0.2251         26       1280: 31% ━━━╸──────── 24/76 13.3s/it 5:55<11:32[K       2/50        11G     0.8325      0.692     0.2273         22       1280: 32% ━━━╸──────── 25/76 13.7s/it 6:10<11:40[K       2/50        11G     0.8312     0.6881     0.2245         27       1280: 34% ━━━━──────── 26/76 14.2s/it 6:26<11:49[K       2/50        11G     0.8342     0.6883     0.2269         18       1280: 35% ━━━━──────── 27/76 14.0s/it 6:39<11:28[K       2/50        11G     0.8308     0.6866     0.2243         33       1280: 36% ━━━━──────── 28/76 14.1s/it 6:54<11:17[K       2/50        11G     0.8404     0.6824     0.2228         24       1280: 38% ━━━━╸─────── 29/76 14.0s/it 7:07<10:59[K       2/50        11G     0.8372     0.6845     0.2225         10       1280: 39% ━━━━╸─────── 30/76 12.7s/it 7:18<9:46[K       2/50        11G     0.8296     0.6893     0.2194         24       1280: 40% ━━━━╸─────── 31/76 12.6s/it 7:30<9:25[K       2/50        11G      0.816     0.6953     0.2161         15       1280: 42% ━━━━━─────── 32/76 13.1s/it 7:45<9:38[K       2/50        11G     0.8241     0.6939     0.2167         30       1280: 43% ━━━━━─────── 33/76 13.5s/it 7:59<9:42[K       2/50        11G     0.8116     0.7006      0.213         27       1280: 44% ━━━━━─────── 34/76 13.9s/it 8:14<9:46[K       2/50        11G     0.8206     0.6988     0.2171         20       1280: 46% ━━━━━╸────── 35/76 13.7s/it 8:27<9:22[K       2/50        11G     0.8296     0.6997     0.2175         14       1280: 47% ━━━━━╸────── 36/76 13.5s/it 8:41<8:60[K       2/50        11G     0.8248     0.7029     0.2159          8       1280: 48% ━━━━━╸────── 37/76 13.9s/it 8:56<9:03[K       2/50        11G     0.8171     0.7058     0.2129         19       1280: 50% ━━━━━━────── 38/76 14.2s/it 9:10<9:00[K       2/50        11G     0.8264     0.7023     0.2148         19       1280: 51% ━━━━━━────── 39/76 14.2s/it 9:25<8:47[K       2/50        11G     0.8302     0.7016     0.2166         16       1280: 52% ━━━━━━────── 40/76 14.4s/it 9:39<8:38[K       2/50        11G      0.829      0.702     0.2165         27       1280: 53% ━━━━━━────── 41/76 14.2s/it 9:53<8:17[K       2/50        11G     0.8302     0.7031     0.2161         19       1280: 55% ━━━━━━╸───── 42/76 14.4s/it 10:08<8:11[K       2/50        11G     0.8261     0.7061     0.2149         21       1280: 56% ━━━━━━╸───── 43/76 15.0s/it 10:25<8:15[K       2/50        11G     0.8153     0.7225     0.2121         14       1280: 57% ━━━━━━╸───── 44/76 14.9s/it 10:39<7:56[K       2/50        11G     0.8147     0.7218      0.211         34       1280: 59% ━━━━━━━───── 45/76 14.7s/it 10:54<7:35[K       2/50        11G     0.8089     0.7275     0.2091         10       1280: 60% ━━━━━━━───── 46/76 14.7s/it 11:08<7:21[K       2/50        11G      0.806     0.7282     0.2082         18       1280: 61% ━━━━━━━───── 47/76 14.1s/it 11:21<6:49[K       2/50        11G     0.8061     0.7251     0.2088         12       1280: 63% ━━━━━━━╸──── 48/76 14.7s/it 11:38<6:52[K       2/50        11G     0.8008     0.7337     0.2068         23       1280: 64% ━━━━━━━╸──── 49/76 15.2s/it 11:54<6:50[K       2/50        11G     0.8051     0.7311      0.211         16       1280: 65% ━━━━━━━╸──── 50/76 13.8s/it 12:05<5:58[K       2/50        11G     0.8037     0.7312     0.2122         17       1280: 67% ━━━━━━━━──── 51/76 13.8s/it 12:19<5:46[K       2/50        11G     0.7969     0.7395     0.2098         12       1280: 68% ━━━━━━━━──── 52/76 14.4s/it 12:35<5:45[K       2/50        11G     0.7929      0.743     0.2094         19       1280: 69% ━━━━━━━━──── 53/76 14.4s/it 12:50<5:32[K       2/50        11G     0.7956     0.7463     0.2116          9       1280: 71% ━━━━━━━━╸─── 54/76 14.4s/it 13:04<5:17[K       2/50        11G     0.7872     0.7579     0.2093          5       1280: 72% ━━━━━━━━╸─── 55/76 14.4s/it 13:19<5:03[K       2/50        11G     0.7915     0.7533     0.2112         15       1280: 73% ━━━━━━━━╸─── 56/76 13.3s/it 13:30<4:27[K       2/50        11G     0.7923     0.7551     0.2108         20       1280: 75% ━━━━━━━━━─── 57/76 13.3s/it 13:43<4:12[K       2/50        11G     0.7908     0.7561     0.2114         22       1280: 76% ━━━━━━━━━─── 58/76 14.0s/it 13:59<4:12[K       2/50        11G     0.7886     0.7565     0.2105         29       1280: 77% ━━━━━━━━━─── 59/76 14.2s/it 14:14<4:01[K       2/50        11G     0.7841      0.758     0.2086         13       1280: 78% ━━━━━━━━━─── 60/76 13.5s/it 14:26<3:36[K       2/50        11G     0.7836     0.7601     0.2079         29       1280: 80% ━━━━━━━━━╸── 61/76 13.8s/it 14:40<3:27[K       2/50        11G     0.7846     0.7604     0.2084         17       1280: 81% ━━━━━━━━━╸── 62/76 13.9s/it 14:54<3:14[K       2/50        11G     0.7776     0.7574      0.207         29       1280: 82% ━━━━━━━━━╸── 63/76 13.8s/it 15:08<3:00[K       2/50        11G     0.7757     0.7572     0.2078         23       1280: 84% ━━━━━━━━━━── 64/76 13.2s/it 15:20<2:38[K       2/50        11G     0.7747     0.7556     0.2072         17       1280: 85% ━━━━━━━━━━── 65/76 13.4s/it 15:34<2:27[K       2/50        11G     0.7755     0.7541     0.2076         33       1280: 86% ━━━━━━━━━━── 66/76 13.5s/it 15:48<2:15[K       2/50        11G      0.776      0.754     0.2081         32       1280: 88% ━━━━━━━━━━╸─ 67/76 13.5s/it 16:01<2:01[K       2/50        11G     0.7733     0.7548     0.2074         23       1280: 89% ━━━━━━━━━━╸─ 68/76 12.9s/it 16:13<1:43[K       2/50        11G     0.7742      0.752     0.2073         32       1280: 90% ━━━━━━━━━━╸─ 69/76 13.1s/it 16:27<1:32[K       2/50        11G     0.7747     0.7539     0.2073         17       1280: 92% ━━━━━━━━━━━─ 70/76 13.1s/it 16:40<1:19[K       2/50        11G     0.7752     0.7507     0.2081         18       1280: 93% ━━━━━━━━━━━─ 71/76 12.9s/it 16:52<1:04[K       2/50        11G     0.7762     0.7505     0.2091         16       1280: 94% ━━━━━━━━━━━─ 72/76 13.5s/it 17:07<54.1s[K       2/50        11G     0.7733     0.7504     0.2086         31       1280: 96% ━━━━━━━━━━━╸ 73/76 14.1s/it 17:23<42.3s[K       2/50        11G     0.7735     0.7515     0.2094         13       1280: 97% ━━━━━━━━━━━╸ 74/76 14.6s/it 17:39<29.2s[K       2/50        11G     0.7738     0.7489      0.209         18       1280: 98% ━━━━━━━━━━━╸ 75/76 10.7s/it 17:45<10.7s[K       2/50        11G     0.7738     0.7489      0.209         18       1280: 100% ━━━━━━━━━━━━ 76/76 14.0s/it 17:45
[K                 Class     Images  Instances      Box(P          R      mAP50  mAP50-95): 14% ━╸────────── 1/7 3.1s/it 0.9s<18.8s[K                 Class     Images  Instances      Box(P          R      mAP50  mAP50-95): 28% ━━━───────── 2/7 2.0s/it 2.0s<9.9s[K                 Class     Images  Instances      Box(P          R      mAP50  mAP50-95): 42% ━━━━━─────── 3/7 1.8s/it 3.6s<7.3s[K                 Class     Images  Instances      Box(P          R      mAP50  mAP50-95): 57% ━━━━━━╸───── 4/7 1.7s/it 5.1s<5.2s[K                 Class     Images  Instances      Box(P          R      mAP50  mAP50-95): 71% ━━━━━━━━╸─── 5/7 2.1it/s 5.3s<1.0s[K                 Class     Images  Instances      Box(P          R      mAP50  mAP50-95): 85% ━━━━━━━━━━── 6/7 3.4it/s 5.4s<0.3s[K                 Class     Images  Instances      Box(P          R      mAP50  mAP50-95): 100% ━━━━━━━━━━━━ 7/7 1.3it/s 5.5s
                   all         49         62      0.702      0.236      0.228      0.138

      Epoch    GPU_mem  giou_loss   cls_loss    l1_loss  Instances       Size
/home/aliikched/stage/Compost_Waste_Yolo/compost-yolo/venv/lib/python3.12/site-packages/torch/autograd/graph.py:882: UserWarning: grid_sampler_2d_backward_cuda does not have a deterministic implementation, but you set 'torch.use_deterministic_algorithms(True, warn_only=True)'. You can file an issue at https://github.com/pytorch/pytorch/issues to help us prioritize adding deterministic support for this operation. (Triggered internally at /pytorch/aten/src/ATen/Context.cpp:160.)
  return Variable._execution_engine.run_backward(  # Calls into the C++ engine to run the backward pass
[K       3/50        11G     0.9808      0.521      0.161         23       1280: 0% ──────────── 0/76  14.4s[K       3/50        11G     0.8622     0.5565     0.2114         23       1280: 1% ──────────── 1/76 57.4s/it 31.6s<1:11:41[K       3/50        11G     0.8618     0.6012     0.2068         14       1280: 2% ──────────── 2/76 28.1s/it 44.4s<34:43[K       3/50        11G     0.8648     0.6221     0.2111         42       1280: 3% ──────────── 3/76 21.4s/it 58.1s<26:01[K       3/50        11G     0.8707      0.658     0.2008         22       1280: 5% ╸─────────── 4/76 19.5s/it 1:14<23:23[K       3/50        11G     0.8215     0.6651     0.1961         20       1280: 6% ╸─────────── 5/76 18.2s/it 1:30<21:31[K       3/50        11G     0.8139     0.6509     0.1952         25       1280: 7% ╸─────────── 6/76 17.5s/it 1:46<20:26[K       3/50        11G     0.8115     0.6742     0.1999         12       1280: 9% ━─────────── 7/76 17.0s/it 2:02<19:32[K       3/50        11G     0.7761     0.6845     0.1892         17       1280: 10% ━─────────── 8/76 16.4s/it 2:17<18:32[K       3/50        11G     0.7565     0.7162     0.2035         12       1280: 11% ━─────────── 9/76 15.9s/it 2:32<17:42[K       3/50        11G     0.7406      0.708     0.2038         20       1280: 13% ━╸────────── 10/76 15.8s/it 2:47<17:20[K       3/50        11G     0.7817     0.7131     0.2037         11       1280: 14% ━╸────────── 11/76 15.4s/it 3:02<16:39[K       3/50        11G     0.7723     0.7008     0.2039         20       1280: 15% ━╸────────── 12/76 15.5s/it 3:18<16:32[K       3/50        11G     0.7708      0.693     0.1974         16       1280: 17% ━━────────── 13/76 16.2s/it 3:36<16:59[K       3/50        11G     0.7572      0.697     0.1942         29       1280: 18% ━━────────── 14/76 15.6s/it 3:50<16:06[K       3/50        11G      0.735     0.7101     0.1932         14       1280: 19% ━━────────── 15/76 15.2s/it 4:04<15:26[K       3/50        11G     0.7114     0.7052     0.1848         17       1280: 21% ━━╸───────── 16/76 15.4s/it 4:20<15:21[K       3/50        11G     0.7299     0.6943     0.1868         17       1280: 22% ━━╸───────── 17/76 14.6s/it 4:33<14:23[K       3/50        11G     0.7263     0.6858     0.1878         14       1280: 23% ━━╸───────── 18/76 14.6s/it 4:48<14:09[K       3/50        11G     0.7031     0.6858       0.18         14       1280: 25% ━━━───────── 19/76 14.7s/it 5:03<14:00[K       3/50        11G     0.7015     0.6783     0.1783         20       1280: 26% ━━━───────── 20/76 14.9s/it 5:18<13:52[K       3/50        11G     0.6889     0.6891     0.1734         12       1280: 27% ━━━───────── 21/76 14.8s/it 5:33<13:32[K       3/50        11G     0.6945     0.6839      0.177         23       1280: 28% ━━━───────── 22/76 13.9s/it 5:45<12:30[K       3/50        11G     0.6943     0.6894     0.1749         25       1280: 30% ━━━╸──────── 23/76 13.5s/it 5:58<11:56[K       3/50        11G     0.6945     0.6999     0.1764         21       1280: 31% ━━━╸──────── 24/76 13.9s/it 6:12<12:01[K       3/50        11G     0.7054     0.6971     0.1761         28       1280: 32% ━━━╸──────── 25/76 14.6s/it 6:29<12:27[K       3/50        11G     0.7043     0.6915     0.1759         36       1280: 34% ━━━━──────── 26/76 14.6s/it 6:44<12:08[K       3/50        11G     0.7072     0.6919     0.1789         11       1280: 35% ━━━━──────── 27/76 15.1s/it 7:00<12:21[K       3/50        11G     0.7005       0.69     0.1785         29       1280: 36% ━━━━──────── 28/76 15.4s/it 7:16<12:18[K       3/50        11G     0.6954     0.6961     0.1759         22       1280: 38% ━━━━╸─────── 29/76 15.0s/it 7:31<11:47[K       3/50        11G      0.696     0.7035     0.1761         19       1280: 39% ━━━━╸─────── 30/76 14.4s/it 7:44<11:05[K       3/50        11G      0.695     0.7054     0.1743         22       1280: 40% ━━━━╸─────── 31/76 14.6s/it 7:59<10:56[K       3/50        11G     0.7031     0.7047     0.1759         27       1280: 42% ━━━━━─────── 32/76 15.7s/it 8:18<11:31[K       3/50        11G     0.7003       0.71     0.1749         22       1280: 43% ━━━━━─────── 33/76 15.8s/it 8:34<11:18[K       3/50        11G     0.6936     0.7044     0.1752         19       1280: 44% ━━━━━─────── 34/76 15.3s/it 8:48<10:42[K       3/50        11G     0.6967     0.7022     0.1754         21       1280: 46% ━━━━━╸────── 35/76 14.7s/it 9:02<10:03[K       3/50        11G     0.6886     0.7022     0.1729         17       1280: 47% ━━━━━╸────── 36/76 14.4s/it 9:15<9:35[K       3/50        11G      0.683     0.6992     0.1713         13       1280: 48% ━━━━━╸────── 37/76 13.7s/it 9:28<8:56[K       3/50        11G     0.6872     0.6998      0.172         12       1280: 50% ━━━━━━────── 38/76 14.4s/it 9:44<9:05[K       3/50        11G     0.6854     0.7013     0.1719         36       1280: 51% ━━━━━━────── 39/76 14.8s/it 9:59<9:06[K       3/50        11G     0.6833        0.7     0.1711         14       1280: 52% ━━━━━━────── 40/76 14.2s/it 10:12<8:31[K       3/50        11G     0.6866     0.7048     0.1722         17       1280: 53% ━━━━━━────── 41/76 13.5s/it 10:25<7:52[K       3/50        11G     0.6797     0.7165     0.1705         14       1280: 55% ━━━━━━╸───── 42/76 14.3s/it 10:41<8:08[K       3/50        11G     0.6768     0.7141     0.1693         15       1280: 56% ━━━━━━╸───── 43/76 14.2s/it 10:55<7:50[K       3/50        11G     0.6767     0.7155     0.1698         21       1280: 57% ━━━━━━╸───── 44/76 13.0s/it 11:06<6:57[K       3/50        11G     0.6749     0.7154     0.1691         21       1280: 59% ━━━━━━━───── 45/76 12.9s/it 11:19<6:41[K       3/50        11G      0.673     0.7282     0.1682         18       1280: 60% ━━━━━━━───── 46/76 13.0s/it 11:32<6:31[K       3/50        11G     0.6737     0.7238     0.1686         25       1280: 61% ━━━━━━━───── 47/76 13.1s/it 11:45<6:19[K       3/50        11G     0.6757     0.7229     0.1692         27       1280: 63% ━━━━━━━╸──── 48/76 13.8s/it 12:01<6:27[K       3/50        11G     0.6733     0.7208     0.1691         23       1280: 64% ━━━━━━━╸──── 49/76 14.7s/it 12:19<6:36[K       3/50        11G     0.6704     0.7188     0.1684         16       1280: 65% ━━━━━━━╸──── 50/76 14.6s/it 12:33<6:19[K       3/50        11G      0.669     0.7201     0.1679         18       1280: 67% ━━━━━━━━──── 51/76 14.0s/it 12:46<5:51[K       3/50        11G     0.6658     0.7225      0.167         21       1280: 68% ━━━━━━━━──── 52/76 14.3s/it 13:01<5:43[K       3/50        11G     0.6622      0.719     0.1661         28       1280: 69% ━━━━━━━━──── 53/76 14.6s/it 13:16<5:36[K       3/50        11G     0.6568     0.7158     0.1642         25       1280: 71% ━━━━━━━━╸─── 54/76 15.0s/it 13:32<5:29[K       3/50        11G     0.6542     0.7153     0.1652         18       1280: 72% ━━━━━━━━╸─── 55/76 14.4s/it 13:45<5:03[K       3/50        11G     0.6544     0.7139     0.1641         13       1280: 73% ━━━━━━━━╸─── 56/76 14.9s/it 14:01<4:58[K       3/50        11G     0.6547     0.7118     0.1645         23       1280: 75% ━━━━━━━━━─── 57/76 15.4s/it 14:18<4:53[K       3/50        11G     0.6508     0.7159     0.1633         16       1280: 76% ━━━━━━━━━─── 58/76 15.8s/it 14:35<4:44[K       3/50        11G      0.647     0.7147     0.1616         18       1280: 77% ━━━━━━━━━─── 59/76 15.2s/it 14:49<4:19[K       3/50        11G     0.6443     0.7131     0.1611         28       1280: 78% ━━━━━━━━━─── 60/76 15.0s/it 15:04<4:01[K       3/50        11G     0.6429     0.7114     0.1603         24       1280: 80% ━━━━━━━━━╸── 61/76 15.5s/it 15:20<3:52[K       3/50        11G     0.6437     0.7161     0.1603         14       1280: 81% ━━━━━━━━━╸── 62/76 15.4s/it 15:35<3:36[K       3/50        11G     0.6395     0.7182      0.159         30       1280: 82% ━━━━━━━━━╸── 63/76 15.3s/it 15:50<3:19[K       3/50        11G     0.6395      0.716      0.158         29       1280: 84% ━━━━━━━━━━── 64/76 15.3s/it 16:06<3:04[K       3/50        11G     0.6368     0.7175     0.1571         18       1280: 85% ━━━━━━━━━━── 65/76 14.9s/it 16:20<2:44[K       3/50        11G      0.635     0.7186     0.1569         20       1280: 86% ━━━━━━━━━━── 66/76 14.8s/it 16:34<2:28[K       3/50        11G     0.6331     0.7179     0.1576         15       1280: 88% ━━━━━━━━━━╸─ 67/76 13.7s/it 16:46<2:04[K       3/50        11G     0.6313      0.718     0.1576         21       1280: 89% ━━━━━━━━━━╸─ 68/76 14.3s/it 17:02<1:55[K       3/50        11G     0.6316     0.7157     0.1569         17       1280: 90% ━━━━━━━━━━╸─ 69/76 14.3s/it 17:16<1:40[K       3/50        11G     0.6323     0.7156     0.1566         18       1280: 92% ━━━━━━━━━━━─ 70/76 14.3s/it 17:30<1:26[K       3/50        11G     0.6306     0.7135     0.1561         23       1280: 93% ━━━━━━━━━━━─ 71/76 14.0s/it 17:44<1:10[K       3/50        11G     0.6272     0.7147      0.155         11       1280: 94% ━━━━━━━━━━━─ 72/76 14.0s/it 17:58<56.1s[K       3/50        11G     0.6274     0.7136     0.1556         25       1280: 96% ━━━━━━━━━━━╸ 73/76 13.9s/it 18:11<41.6s[K       3/50        11G     0.6304     0.7104     0.1552         22       1280: 97% ━━━━━━━━━━━╸ 74/76 13.3s/it 18:24<26.7s[K       3/50        11G     0.6327     0.7074     0.1564         17       1280: 98% ━━━━━━━━━━━╸ 75/76 9.4s/it 18:29<9.4s[K       3/50        11G     0.6327     0.7074     0.1564         17       1280: 100% ━━━━━━━━━━━━ 76/76 14.6s/it 18:29
[K                 Class     Images  Instances      Box(P          R      mAP50  mAP50-95): 14% ━╸────────── 1/7 5.1s/it 1.5s<30.8s[K                 Class     Images  Instances      Box(P          R      mAP50  mAP50-95): 28% ━━━───────── 2/7 3.0s/it 3.1s<15.0s[K                 Class     Images  Instances      Box(P          R      mAP50  mAP50-95): 42% ━━━━━─────── 3/7 2.3s/it 4.6s<9.3s[K                 Class     Images  Instances      Box(P          R      mAP50  mAP50-95): 57% ━━━━━━╸───── 4/7 1.3s/it 5.2s<4.0s[K                 Class     Images  Instances      Box(P          R      mAP50  mAP50-95): 71% ━━━━━━━━╸─── 5/7 2.3it/s 5.4s<0.9s[K                 Class     Images  Instances      Box(P          R      mAP50  mAP50-95): 85% ━━━━━━━━━━── 6/7 3.5it/s 5.6s<0.3s[K                 Class     Images  Instances      Box(P          R      mAP50  mAP50-95): 100% ━━━━━━━━━━━━ 7/7 1.2it/s 5.6s
                   all         49         62      0.719      0.273      0.309      0.231

      Epoch    GPU_mem  giou_loss   cls_loss    l1_loss  Instances       Size
/home/aliikched/stage/Compost_Waste_Yolo/compost-yolo/venv/lib/python3.12/site-packages/torch/autograd/graph.py:882: UserWarning: grid_sampler_2d_backward_cuda does not have a deterministic implementation, but you set 'torch.use_deterministic_algorithms(True, warn_only=True)'. You can file an issue at https://github.com/pytorch/pytorch/issues to help us prioritize adding deterministic support for this operation. (Triggered internally at /pytorch/aten/src/ATen/Context.cpp:160.)
  return Variable._execution_engine.run_backward(  # Calls into the C++ engine to run the backward pass
[K       4/50        11G     0.3594     0.6153     0.1028         10       1280: 0% ──────────── 0/76  14.6s[K       4/50        11G      0.525     0.6409     0.1348         19       1280: 1% ──────────── 1/76 60.1s/it 32.6s<1:15:08[K       4/50        11G     0.5225     0.6209     0.1287         18       1280: 2% ──────────── 2/76 30.9s/it 47.1s<38:04[K       4/50        11G     0.5202     0.5684     0.1314         26       1280: 3% ──────────── 3/76 21.7s/it 59.9s<26:23[K       4/50        11G     0.5545     0.5373     0.1444         23       1280: 5% ╸─────────── 4/76 19.6s/it 1:16<23:33[K       4/50        11G     0.5669     0.5339     0.1432         39       1280: 6% ╸─────────── 5/76 18.4s/it 1:32<21:47[K       4/50        11G     0.5628     0.5402     0.1387         35       1280: 7% ╸─────────── 6/76 16.8s/it 1:46<19:34[K       4/50        11G     0.5606     0.5432     0.1357         22       1280: 9% ━─────────── 7/76 16.7s/it 2:02<19:12[K       4/50        11G      0.547     0.5537     0.1345         27       1280: 10% ━─────────── 8/76 16.3s/it 2:18<18:26[K       4/50        11G     0.5327       0.54      0.137         21       1280: 11% ━─────────── 9/76 16.1s/it 2:33<17:56[K       4/50        11G     0.5352     0.5281     0.1328         29       1280: 13% ━╸────────── 10/76 16.4s/it 2:50<17:60[K       4/50        11G     0.5134     0.5285     0.1289         21       1280: 14% ━╸────────── 11/76 16.2s/it 3:06<17:31[K       4/50        11G     0.5052     0.5252     0.1256         13       1280: 15% ━╸────────── 12/76 15.2s/it 3:19<16:10[K       4/50        11G     0.4882     0.5495     0.1216         18       1280: 17% ━━────────── 13/76 15.6s/it 3:36<16:24[K       4/50        11G     0.4925     0.5499     0.1234         19       1280: 18% ━━────────── 14/76 15.9s/it 3:53<16:23[K       4/50        11G     0.4887     0.5479     0.1249         34       1280: 19% ━━────────── 15/76 15.2s/it 4:06<15:26[K       4/50        11G     0.4992     0.5417     0.1241         21       1280: 21% ━━╸───────── 16/76 15.5s/it 4:23<15:29[K       4/50        11G     0.4977     0.5442     0.1244         12       1280: 22% ━━╸───────── 17/76 15.5s/it 4:38<15:16[K       4/50        11G       0.49     0.5459     0.1232         12       1280: 23% ━━╸───────── 18/76 14.6s/it 4:51<14:05[K       4/50        11G     0.4752     0.5451     0.1191         15       1280: 25% ━━━───────── 19/76 14.8s/it 5:06<14:01[K       4/50        11G     0.4704     0.5582     0.1191         12       1280: 26% ━━━───────── 20/76 14.7s/it 5:21<13:46[K       4/50        11G     0.4673     0.5648     0.1175         22       1280: 27% ━━━───────── 21/76 15.2s/it 5:38<13:58[K       4/50        11G     0.4971     0.5753     0.1299         11       1280: 28% ━━━───────── 22/76 15.4s/it 5:53<13:49[K       4/50        11G     0.5056     0.5713     0.1319         30       1280: 30% ━━━╸──────── 23/76 14.4s/it 6:06<12:45[K       4/50        11G      0.501     0.5724      0.129         12       1280: 31% ━━━╸──────── 24/76 15.0s/it 6:22<12:60[K       4/50        11G     0.5054     0.5697     0.1277         22       1280: 32% ━━━╸──────── 25/76 15.0s/it 6:37<12:45[K       4/50        11G     0.4966     0.5788     0.1251         10       1280: 34% ━━━━──────── 26/76 14.9s/it 6:52<12:26[K       4/50        11G     0.4938     0.5856     0.1242         21       1280: 35% ━━━━──────── 27/76 15.2s/it 7:08<12:24[K       4/50        11G     0.4852     0.5818     0.1218         18       1280: 36% ━━━━──────── 28/76 15.5s/it 7:24<12:22[K       4/50        11G     0.4915     0.5819     0.1264         19       1280: 38% ━━━━╸─────── 29/76 15.1s/it 7:38<11:51[K       4/50        11G     0.4874     0.5772     0.1244         16       1280: 39% ━━━━╸─────── 30/76 15.3s/it 7:54<11:44[K       4/50        11G     0.4925     0.5726     0.1252         20       1280: 40% ━━━━╸─────── 31/76 15.2s/it 8:09<11:23[K       4/50        11G     0.4964     0.5798     0.1263         15       1280: 42% ━━━━━─────── 32/76 15.4s/it 8:25<11:18[K       4/50        11G     0.4952      0.582     0.1257         34       1280: 43% ━━━━━─────── 33/76 15.5s/it 8:41<11:06[K       4/50        11G      0.489     0.5896     0.1242          9       1280: 44% ━━━━━─────── 34/76 16.2s/it 8:59<11:19[K       4/50        11G     0.4895     0.5854     0.1247         28       1280: 46% ━━━━━╸────── 35/76 16.3s/it 9:15<11:08[K       4/50        11G     0.4872     0.5814     0.1242         21       1280: 47% ━━━━━╸────── 36/76 16.2s/it 9:31<10:47[K       4/50        11G      0.489     0.5801     0.1242         20       1280: 48% ━━━━━╸────── 37/76 15.1s/it 9:44<9:47[K       4/50        11G     0.4861     0.5812      0.124         20       1280: 50% ━━━━━━────── 38/76 15.2s/it 9:60<9:39[K       4/50        11G     0.4926     0.5813     0.1267         25       1280: 51% ━━━━━━────── 39/76 15.5s/it 10:16<9:34[K       4/50        11G     0.4876     0.5795     0.1253         16       1280: 52% ━━━━━━────── 40/76 14.9s/it 10:30<8:57[K       4/50        11G     0.4971     0.5763     0.1268         24       1280: 53% ━━━━━━────── 41/76 14.3s/it 10:43<8:22[K       4/50        11G     0.4901     0.5754     0.1254         10       1280: 55% ━━━━━━╸───── 42/76 14.8s/it 10:59<8:22[K       4/50        11G     0.4969     0.5776     0.1268         24       1280: 56% ━━━━━━╸───── 43/76 14.7s/it 11:13<8:04[K       4/50        11G     0.4927     0.5861     0.1247         12       1280: 57% ━━━━━━╸───── 44/76 14.1s/it 11:26<7:30[K       4/50        11G      0.503     0.5861     0.1257         19       1280: 59% ━━━━━━━───── 45/76 14.1s/it 11:40<7:16[K       4/50        11G      0.508     0.5848     0.1259         23       1280: 60% ━━━━━━━───── 46/76 14.2s/it 11:55<7:06[K       4/50        11G     0.5088      0.584     0.1255         20       1280: 61% ━━━━━━━───── 47/76 15.0s/it 12:12<7:14[K       4/50        11G     0.5091     0.5857     0.1258         17       1280: 63% ━━━━━━━╸──── 48/76 15.1s/it 12:27<7:04[K       4/50        11G     0.5124     0.5848      0.128         22       1280: 64% ━━━━━━━╸──── 49/76 14.7s/it 12:41<6:37[K       4/50        11G     0.5159     0.5832     0.1292         23       1280: 65% ━━━━━━━╸──── 50/76 15.1s/it 12:57<6:32[K       4/50        11G     0.5223     0.5811     0.1314         23       1280: 67% ━━━━━━━━──── 51/76 15.2s/it 13:13<6:20[K       4/50        11G     0.5233     0.5809     0.1315         27       1280: 68% ━━━━━━━━──── 52/76 14.6s/it 13:26<5:51[K       4/50        11G     0.5215     0.5815     0.1305          8       1280: 69% ━━━━━━━━──── 53/76 14.7s/it 13:41<5:38[K       4/50        11G     0.5287     0.5818     0.1324         30       1280: 71% ━━━━━━━━╸─── 54/76 14.3s/it 13:54<5:14[K       4/50        11G     0.5318     0.5833     0.1322         19       1280: 72% ━━━━━━━━╸─── 55/76 14.0s/it 14:08<4:55[K       4/50        11G     0.5328     0.5871     0.1317         31       1280: 73% ━━━━━━━━╸─── 56/76 14.1s/it 14:22<4:42[K       4/50        11G     0.5369     0.5888     0.1324         28       1280: 75% ━━━━━━━━━─── 57/76 14.5s/it 14:38<4:36[K       4/50        11G     0.5353     0.5885     0.1315         14       1280: 76% ━━━━━━━━━─── 58/76 13.7s/it 14:50<4:07[K       4/50        11G     0.5343       0.59     0.1308         12       1280: 77% ━━━━━━━━━─── 59/76 13.4s/it 15:03<3:48[K       4/50        11G     0.5399     0.5892     0.1326         12       1280: 78% ━━━━━━━━━─── 60/76 13.9s/it 15:18<3:42[K       4/50        11G     0.5428      0.594     0.1338         15       1280: 80% ━━━━━━━━━╸── 61/76 13.9s/it 15:32<3:28[K       4/50        11G     0.5427     0.5951      0.135          5       1280: 81% ━━━━━━━━━╸── 62/76 13.2s/it 15:44<3:05[K       4/50        11G     0.5426     0.5956     0.1356         22       1280: 82% ━━━━━━━━━╸── 63/76 13.8s/it 15:59<2:59[K       4/50        11G     0.5396     0.5964     0.1355         13       1280: 84% ━━━━━━━━━━── 64/76 13.9s/it 16:13<2:47[K       4/50        11G     0.5389     0.5961     0.1353         25       1280: 85% ━━━━━━━━━━── 65/76 14.5s/it 16:29<2:39[K       4/50        11G     0.5375     0.5983     0.1351         18       1280: 86% ━━━━━━━━━━── 66/76 15.4s/it 16:47<2:34[K       4/50        11G      0.542     0.5964     0.1367         37       1280: 88% ━━━━━━━━━━╸─ 67/76 15.2s/it 17:02<2:17[K       4/50        11G     0.5459     0.5944     0.1374         17       1280: 89% ━━━━━━━━━━╸─ 68/76 14.9s/it 17:16<1:60[K       4/50        11G     0.5462     0.5927     0.1375         12       1280: 90% ━━━━━━━━━━╸─ 69/76 14.5s/it 17:30<1:41[K       4/50        11G     0.5471     0.5901     0.1377          9       1280: 92% ━━━━━━━━━━━─ 70/76 14.4s/it 17:44<1:26[K       4/50        11G     0.5484     0.5887     0.1377         27       1280: 93% ━━━━━━━━━━━─ 71/76 14.5s/it 17:59<1:12[K       4/50        11G     0.5481      0.588     0.1372         16       1280: 94% ━━━━━━━━━━━─ 72/76 13.9s/it 18:11<55.5s[K       4/50        11G     0.5517     0.5857     0.1393         21       1280: 96% ━━━━━━━━━━━╸ 73/76 14.3s/it 18:27<42.9s[K       4/50        11G     0.5589     0.5839     0.1419         14       1280: 97% ━━━━━━━━━━━╸ 74/76 14.1s/it 18:40<28.3s[K       4/50        11G     0.5612     0.5859     0.1418         20       1280: 98% ━━━━━━━━━━━╸ 75/76 10.8s/it 18:47<10.8s[K       4/50        11G     0.5612     0.5859     0.1418         20       1280: 100% ━━━━━━━━━━━━ 76/76 14.8s/it 18:47
[K                 Class     Images  Instances      Box(P          R      mAP50  mAP50-95): 14% ━╸────────── 1/7 2.7s/it 0.8s<16.2s[K                 Class     Images  Instances      Box(P          R      mAP50  mAP50-95): 28% ━━━───────── 2/7 1.5s/it 1.6s<7.7s[K                 Class     Images  Instances      Box(P          R      mAP50  mAP50-95): 42% ━━━━━─────── 3/7 1.3s/it 2.6s<5.3s[K                 Class     Images  Instances      Box(P          R      mAP50  mAP50-95): 57% ━━━━━━╸───── 4/7 1.3s/it 3.9s<3.9s[K                 Class     Images  Instances      Box(P          R      mAP50  mAP50-95): 71% ━━━━━━━━╸─── 5/7 1.3s/it 5.1s<2.6s[K                 Class     Images  Instances      Box(P          R      mAP50  mAP50-95): 85% ━━━━━━━━━━── 6/7 1.3s/it 6.4s<1.3s[K                 Class     Images  Instances      Box(P          R      mAP50  mAP50-95): 100% ━━━━━━━━━━━━ 7/7 1.1it/s 6.5s
                   all         49         62      0.519      0.317      0.357      0.254

      Epoch    GPU_mem  giou_loss   cls_loss    l1_loss  Instances       Size
/home/aliikched/stage/Compost_Waste_Yolo/compost-yolo/venv/lib/python3.12/site-packages/torch/autograd/graph.py:882: UserWarning: grid_sampler_2d_backward_cuda does not have a deterministic implementation, but you set 'torch.use_deterministic_algorithms(True, warn_only=True)'. You can file an issue at https://github.com/pytorch/pytorch/issues to help us prioritize adding deterministic support for this operation. (Triggered internally at /pytorch/aten/src/ATen/Context.cpp:160.)
  return Variable._execution_engine.run_backward(  # Calls into the C++ engine to run the backward pass
[K       5/50        11G     0.5243     0.9212     0.1525         19       1280: 0% ──────────── 0/76  13.6s[K       5/50        11G     0.5975     0.8178     0.1561         29       1280: 1% ──────────── 1/76 55.5s/it 30.3s<1:09:19[K       5/50        11G     0.6391     0.8914     0.1704         10       1280: 2% ──────────── 2/76 25.7s/it 41.7s<31:41[K       5/50        11G     0.6046      0.831     0.1544         24       1280: 3% ──────────── 3/76 20.4s/it 55.5s<24:52[K       5/50        11G     0.5769     0.7782     0.1553         13       1280: 5% ╸─────────── 4/76 17.9s/it 1:09<21:26[K       5/50        11G     0.6138     0.7396     0.1555         37       1280: 6% ╸─────────── 5/76 16.4s/it 1:23<19:24[K       5/50        11G     0.6142      0.775     0.1526         17       1280: 7% ╸─────────── 6/76 16.5s/it 1:40<19:16[K       5/50        11G     0.6054     0.7295     0.1519         15       1280: 9% ━─────────── 7/76 14.9s/it 1:52<17:11[K       5/50        11G     0.5863     0.7636     0.1575          8       1280: 10% ━─────────── 8/76 14.7s/it 2:06<16:37[K       5/50        11G     0.5902     0.7222     0.1555         15       1280: 11% ━─────────── 9/76 14.7s/it 2:21<16:27[K       5/50        11G     0.6004     0.7164     0.1581         20       1280: 13% ━╸────────── 10/76 13.7s/it 2:33<15:03[K       5/50        11G     0.6077     0.7196     0.1663         15       1280: 14% ━╸────────── 11/76 13.2s/it 2:45<14:15[K       5/50        11G     0.6021     0.7145      0.165         12       1280: 15% ━╸────────── 12/76 13.3s/it 2:59<14:14[K       5/50        11G     0.6167      0.704     0.1635         18       1280: 17% ━━────────── 13/76 13.4s/it 3:12<14:03[K       5/50        11G     0.6055     0.7121     0.1574         16       1280: 18% ━━────────── 14/76 13.3s/it 3:25<13:45[K       5/50        11G      0.588     0.7188     0.1524         10       1280: 19% ━━────────── 15/76 13.1s/it 3:38<13:20[K       5/50        11G     0.5933     0.7262     0.1506         18       1280: 21% ━━╸───────── 16/76 13.5s/it 3:52<13:28[K       5/50        11G     0.5889     0.7407     0.1466         10       1280: 22% ━━╸───────── 17/76 13.8s/it 4:07<13:37[K       5/50        11G     0.5953     0.7243     0.1505         14       1280: 23% ━━╸───────── 18/76 13.6s/it 4:20<13:06[K       5/50        11G     0.5812     0.7297     0.1471         17       1280: 25% ━━━───────── 19/76 12.7s/it 4:31<12:05[K       5/50        11G     0.5738     0.7263      0.145         15       1280: 26% ━━━───────── 20/76 13.0s/it 4:45<12:06[K       5/50        11G     0.5664     0.7148     0.1432         15       1280: 27% ━━━───────── 21/76 13.3s/it 4:59<12:13[K       5/50        11G     0.5743     0.7185     0.1416         27       1280: 28% ━━━───────── 22/76 13.7s/it 5:14<12:18[K       5/50        11G     0.5564     0.7029     0.1373         14       1280: 30% ━━━╸──────── 23/76 13.9s/it 5:28<12:18[K       5/50        11G     0.5619      0.697     0.1385         28       1280: 31% ━━━╸──────── 24/76 13.6s/it 5:41<11:48[K       5/50        11G     0.5542     0.6967     0.1376         22       1280: 32% ━━━╸──────── 25/76 13.7s/it 5:55<11:39[K       5/50        11G     0.5504     0.6889     0.1368         17       1280: 34% ━━━━──────── 26/76 13.2s/it 6:07<10:59[K       5/50        11G     0.5566     0.6864     0.1384         18       1280: 35% ━━━━──────── 27/76 13.4s/it 6:21<10:55[K       5/50        11G     0.5482     0.6853     0.1389         14       1280: 36% ━━━━──────── 28/76 13.1s/it 6:34<10:31[K       5/50        11G     0.5534     0.6781      0.144         12       1280: 38% ━━━━╸─────── 29/76 12.9s/it 6:46<10:07[K       5/50        11G     0.5613     0.6775     0.1464         14       1280: 39% ━━━━╸─────── 30/76 13.0s/it 6:59<9:56[K       5/50        11G     0.5596     0.6741     0.1467         32       1280: 40% ━━━━╸─────── 31/76 13.5s/it 7:14<10:09[K       5/50        11G     0.5509     0.6736     0.1441         20       1280: 42% ━━━━━─────── 32/76 13.1s/it 7:26<9:34[K       5/50        11G     0.5463     0.6718     0.1431         26       1280: 43% ━━━━━─────── 33/76 13.1s/it 7:40<9:25[K       5/50        11G     0.5413     0.6669     0.1416         20       1280: 44% ━━━━━─────── 34/76 13.6s/it 7:54<9:32[K       5/50        11G     0.5438     0.6608     0.1408         13       1280: 46% ━━━━━╸────── 35/76 13.1s/it 8:06<8:56[K       5/50        11G     0.5358      0.659     0.1385         27       1280: 47% ━━━━━╸────── 36/76 13.4s/it 8:21<8:56[K       5/50        11G     0.5355     0.6615     0.1379         24       1280: 48% ━━━━━╸────── 37/76 13.9s/it 8:36<9:03[K       5/50        11G     0.5355     0.6599     0.1368         29       1280: 50% ━━━━━━────── 38/76 13.9s/it 8:50<8:49[K       5/50        11G     0.5277     0.6555     0.1347         25       1280: 51% ━━━━━━────── 39/76 14.5s/it 9:06<8:58[K       5/50        11G     0.5291      0.651     0.1331         26       1280: 52% ━━━━━━────── 40/76 14.5s/it 9:20<8:41[K       5/50        11G     0.5326     0.6495     0.1341         22       1280: 53% ━━━━━━────── 41/76 13.7s/it 9:33<8:00[K       5/50        11G     0.5303     0.6438     0.1339         21       1280: 55% ━━━━━━╸───── 42/76 14.3s/it 9:48<8:07[K       5/50        11G       0.53     0.6398     0.1335         19       1280: 56% ━━━━━━╸───── 43/76 14.9s/it 10:05<8:13[K       5/50        11G     0.5312     0.6404     0.1327         13       1280: 57% ━━━━━━╸───── 44/76 13.7s/it 10:17<7:18[K       5/50        11G      0.534     0.6368     0.1343         13       1280: 59% ━━━━━━━───── 45/76 13.8s/it 10:30<7:06[K       5/50        11G      0.527     0.6337     0.1323         18       1280: 60% ━━━━━━━───── 46/76 13.6s/it 10:44<6:49[K       5/50        11G     0.5238      0.633     0.1313         16       1280: 61% ━━━━━━━───── 47/76 13.8s/it 10:58<6:40[K       5/50        11G     0.5204     0.6355     0.1302         17       1280: 63% ━━━━━━━╸──── 48/76 13.4s/it 11:10<6:15[K       5/50        11G     0.5161     0.6331     0.1298         14       1280: 64% ━━━━━━━╸──── 49/76 13.3s/it 11:24<5:59[K       5/50        11G      0.517     0.6338     0.1301         19       1280: 65% ━━━━━━━╸──── 50/76 13.0s/it 11:36<5:38[K       5/50        11G     0.5165     0.6327     0.1302          7       1280: 67% ━━━━━━━━──── 51/76 13.5s/it 11:51<5:37[K       5/50        11G     0.5191     0.6351     0.1307         23       1280: 68% ━━━━━━━━──── 52/76 13.2s/it 12:03<5:16[K       5/50        11G      0.518     0.6324     0.1299         24       1280: 69% ━━━━━━━━──── 53/76 12.5s/it 12:14<4:48[K       5/50        11G     0.5178     0.6317     0.1292         17       1280: 71% ━━━━━━━━╸─── 54/76 12.7s/it 12:28<4:40[K       5/50        11G     0.5223     0.6292     0.1293         21       1280: 72% ━━━━━━━━╸─── 55/76 12.8s/it 12:41<4:29[K       5/50        11G     0.5212     0.6345     0.1293         12       1280: 73% ━━━━━━━━╸─── 56/76 13.2s/it 12:55<4:25[K       5/50        11G     0.5165     0.6334     0.1283         21       1280: 75% ━━━━━━━━━─── 57/76 14.1s/it 13:12<4:28[K       5/50        11G      0.517     0.6311     0.1282         17       1280: 76% ━━━━━━━━━─── 58/76 12.9s/it 13:23<3:53[K       5/50        11G     0.5148     0.6295     0.1275         15       1280: 77% ━━━━━━━━━─── 59/76 12.2s/it 13:33<3:28[K       5/50        11G     0.5131     0.6274     0.1271         17       1280: 78% ━━━━━━━━━─── 60/76 13.4s/it 13:51<3:34[K       5/50        11G     0.5115     0.6249     0.1271         11       1280: 80% ━━━━━━━━━╸── 61/76 13.9s/it 14:06<3:29[K       5/50        11G     0.5118     0.6252     0.1275         15       1280: 81% ━━━━━━━━━╸── 62/76 12.1s/it 14:15<2:49[K       5/50        11G     0.5161     0.6232     0.1282         14       1280: 82% ━━━━━━━━━╸── 63/76 12.6s/it 14:29<2:43[K       5/50        11G     0.5169     0.6225     0.1288         23       1280: 84% ━━━━━━━━━━── 64/76 13.6s/it 14:46<2:43[K       5/50        11G     0.5156     0.6198     0.1281         20       1280: 85% ━━━━━━━━━━── 65/76 13.4s/it 14:59<2:27[K       5/50        11G     0.5141     0.6188     0.1273         30       1280: 86% ━━━━━━━━━━── 66/76 13.2s/it 15:12<2:12[K       5/50        11G     0.5135     0.6179     0.1277         15       1280: 88% ━━━━━━━━━━╸─ 67/76 13.3s/it 15:25<1:60[K       5/50        11G     0.5113      0.617     0.1272         27       1280: 89% ━━━━━━━━━━╸─ 68/76 13.5s/it 15:39<1:48[K       5/50        11G     0.5112     0.6169     0.1273         14       1280: 90% ━━━━━━━━━━╸─ 69/76 13.9s/it 15:54<1:37[K       5/50        11G     0.5109     0.6162     0.1267         22       1280: 92% ━━━━━━━━━━━─ 70/76 13.9s/it 16:08<1:24[K       5/50        11G     0.5097     0.6168      0.126         25       1280: 93% ━━━━━━━━━━━─ 71/76 13.7s/it 16:21<1:08[K       5/50        11G     0.5077     0.6145     0.1257         24       1280: 94% ━━━━━━━━━━━─ 72/76 12.7s/it 16:32<50.9s[K       5/50        11G     0.5095     0.6131     0.1268         19       1280: 96% ━━━━━━━━━━━╸ 73/76 13.5s/it 16:48<40.6s[K       5/50        11G     0.5102     0.6121     0.1269         15       1280: 97% ━━━━━━━━━━━╸ 74/76 13.6s/it 17:02<27.3s[K       5/50        11G      0.504     0.6115     0.1255          2       1280: 98% ━━━━━━━━━━━╸ 75/76 8.9s/it 17:07<8.9s[K       5/50        11G      0.504     0.6115     0.1255          2       1280: 100% ━━━━━━━━━━━━ 76/76 13.5s/it 17:07
[K                 Class     Images  Instances      Box(P          R      mAP50  mAP50-95): 14% ━╸────────── 1/7 1.2s/it 0.4s<7.4s[K                 Class     Images  Instances      Box(P          R      mAP50  mAP50-95): 28% ━━━───────── 2/7 1.4it/s 0.7s<3.5s[K                 Class     Images  Instances      Box(P          R      mAP50  mAP50-95): 42% ━━━━━─────── 3/7 1.8it/s 1.1s<2.2s[K                 Class     Images  Instances      Box(P          R      mAP50  mAP50-95): 57% ━━━━━━╸───── 4/7 2.2it/s 1.4s<1.4s[K                 Class     Images  Instances      Box(P          R      mAP50  mAP50-95): 71% ━━━━━━━━╸─── 5/7 2.4it/s 1.8s<0.8s[K                 Class     Images  Instances      Box(P          R      mAP50  mAP50-95): 85% ━━━━━━━━━━── 6/7 2.5it/s 2.1s<0.4s[K                 Class     Images  Instances      Box(P          R      mAP50  mAP50-95): 100% ━━━━━━━━━━━━ 7/7 3.2it/s 2.2s
                   all         49         62      0.699      0.381       0.36      0.253

      Epoch    GPU_mem  giou_loss   cls_loss    l1_loss  Instances       Size
/home/aliikched/stage/Compost_Waste_Yolo/compost-yolo/venv/lib/python3.12/site-packages/torch/autograd/graph.py:882: UserWarning: grid_sampler_2d_backward_cuda does not have a deterministic implementation, but you set 'torch.use_deterministic_algorithms(True, warn_only=True)'. You can file an issue at https://github.com/pytorch/pytorch/issues to help us prioritize adding deterministic support for this operation. (Triggered internally at /pytorch/aten/src/ATen/Context.cpp:160.)
  return Variable._execution_engine.run_backward(  # Calls into the C++ engine to run the backward pass
[K       6/50        11G     0.5411     0.5722     0.1154         25       1280: 0% ──────────── 0/76  14.4s[K       6/50        11G     0.5156     0.5775      0.144         20       1280: 1% ──────────── 1/76 59.9s/it 32.4s<1:14:53[K       6/50        11G     0.4919     0.5549     0.1336         26       1280: 2% ──────────── 2/76 30.9s/it 46.9s<38:08[K       6/50        11G     0.5455     0.5848     0.1567         11       1280: 3% ──────────── 3/76 23.5s/it 1:02<28:36[K       6/50        11G     0.5102     0.5745     0.1434         15       1280: 5% ╸─────────── 4/76 21.0s/it 1:19<25:14[K       6/50        11G     0.5234     0.5817     0.1456         23       1280: 6% ╸─────────── 5/76 19.4s/it 1:35<22:58[K       6/50        11G     0.4911     0.5755     0.1346         22       1280: 7% ╸─────────── 6/76 17.4s/it 1:49<20:15[K       6/50        11G     0.4888     0.5889     0.1359         14       1280: 9% ━─────────── 7/76 17.5s/it 2:07<20:06[K       6/50        11G     0.5013     0.5924     0.1376         14       1280: 10% ━─────────── 8/76 17.0s/it 2:23<19:19[K       6/50        11G     0.5205     0.5882     0.1331         18       1280: 11% ━─────────── 9/76 16.3s/it 2:38<18:12[K       6/50        11G     0.5227     0.5837     0.1264         24       1280: 13% ━╸────────── 10/76 16.7s/it 2:56<18:20[K       6/50        11G     0.5364     0.5724     0.1345         22       1280: 14% ━╸────────── 11/76 16.4s/it 3:11<17:45[K       6/50        11G     0.5182      0.592     0.1286         24       1280: 15% ━╸────────── 12/76 16.3s/it 3:27<17:24[K       6/50        11G     0.5193     0.5901      0.128         24       1280: 17% ━━────────── 13/76 16.4s/it 3:44<17:12[K       6/50        11G     0.4991     0.5797     0.1244         14       1280: 18% ━━────────── 14/76 15.8s/it 3:59<16:19[K       6/50        11G     0.4953     0.5889     0.1242         10       1280: 19% ━━────────── 15/76 15.6s/it 4:14<15:51[K       6/50        11G     0.4989     0.5938     0.1232         28       1280: 21% ━━╸───────── 16/76 15.4s/it 4:29<15:26[K       6/50        11G     0.5044     0.6169     0.1285         11       1280: 22% ━━╸───────── 17/76 14.8s/it 4:42<14:34[K       6/50        11G     0.5108     0.6052     0.1324         15       1280: 23% ━━╸───────── 18/76 14.7s/it 4:57<14:15[K       6/50        11G     0.5101     0.5992       0.13         32       1280: 25% ━━━───────── 19/76 15.1s/it 5:13<14:21[K       6/50        11G      0.512     0.5986     0.1293         30       1280: 26% ━━━───────── 20/76 15.3s/it 5:29<14:16[K       6/50        11G     0.5087     0.5974     0.1386          5       1280: 27% ━━━───────── 21/76 15.4s/it 5:44<14:06[K       6/50        11G     0.5076     0.6007     0.1365         17       1280: 28% ━━━───────── 22/76 14.9s/it 5:58<13:26[K       6/50        11G     0.5085     0.6031      0.135         21       1280: 30% ━━━╸──────── 23/76 15.1s/it 6:14<13:20[K       6/50        11G     0.5111     0.5976     0.1335         15       1280: 31% ━━━╸──────── 24/76 15.4s/it 6:30<13:23[K       6/50        11G     0.5223     0.6015      0.135         22       1280: 32% ━━━╸──────── 25/76 15.4s/it 6:45<13:07[K       6/50        11G     0.5228     0.6005     0.1333         27       1280: 34% ━━━━──────── 26/76 14.5s/it 6:58<12:03[K       6/50        11G     0.5186     0.5968     0.1311         12       1280: 35% ━━━━──────── 27/76 15.1s/it 7:15<12:18[K       6/50        11G     0.5111     0.6043     0.1292         18       1280: 36% ━━━━──────── 28/76 15.5s/it 7:31<12:23[K       6/50        11G     0.5176     0.5986     0.1284         18       1280: 38% ━━━━╸─────── 29/76 15.6s/it 7:47<12:12[K       6/50        11G     0.5143     0.5998     0.1267         25       1280: 39% ━━━━╸─────── 30/76 15.9s/it 8:04<12:11[K       6/50        11G     0.5137     0.5984     0.1261         18       1280: 40% ━━━━╸─────── 31/76 15.6s/it 8:19<11:43[K       6/50        11G      0.518     0.6022     0.1283         17       1280: 42% ━━━━━─────── 32/76 15.7s/it 8:35<11:29[K       6/50        11G     0.5203     0.5982     0.1281         22       1280: 43% ━━━━━─────── 33/76 16.0s/it 8:51<11:26[K       6/50        11G     0.5184     0.6004     0.1273         18       1280: 44% ━━━━━─────── 34/76 16.0s/it 9:07<11:12[K       6/50        11G     0.5144     0.6025     0.1246         20       1280: 46% ━━━━━╸────── 35/76 16.0s/it 9:23<10:57[K       6/50        11G     0.5156     0.6007     0.1262         18       1280: 47% ━━━━━╸────── 36/76 16.3s/it 9:41<10:54[K       6/50        11G     0.5181     0.5995     0.1253         17       1280: 48% ━━━━━╸────── 37/76 16.1s/it 9:56<10:30[K       6/50        11G     0.5195     0.5991     0.1287          9       1280: 50% ━━━━━━────── 38/76 15.9s/it 10:12<10:04[K       6/50        11G     0.5143     0.5931     0.1271         24       1280: 51% ━━━━━━────── 39/76 16.0s/it 10:28<9:53[K       6/50        11G     0.5155        0.6     0.1269         10       1280: 52% ━━━━━━────── 40/76 16.1s/it 10:44<9:39[K       6/50        11G      0.514     0.5986     0.1257         18       1280: 53% ━━━━━━────── 41/76 16.2s/it 11:01<9:26[K       6/50        11G     0.5125     0.6034     0.1244         23       1280: 55% ━━━━━━╸───── 42/76 16.3s/it 11:17<9:13[K       6/50        11G     0.5133     0.6055     0.1244         16       1280: 56% ━━━━━━╸───── 43/76 17.0s/it 11:36<9:21[K       6/50        11G     0.5116     0.6017     0.1241         24       1280: 57% ━━━━━━╸───── 44/76 16.6s/it 11:52<8:51[K       6/50        11G     0.5132     0.6009     0.1234         20       1280: 59% ━━━━━━━───── 45/76 16.7s/it 12:09<8:38[K       6/50        11G     0.5093     0.5987     0.1221         16       1280: 60% ━━━━━━━───── 46/76 16.5s/it 12:25<8:15[K       6/50        11G     0.5026     0.5974     0.1204         13       1280: 61% ━━━━━━━───── 47/76 15.5s/it 12:38<7:29[K       6/50        11G     0.5051     0.5974     0.1205         11       1280: 63% ━━━━━━━╸──── 48/76 16.0s/it 12:56<7:29[K       6/50        11G     0.5022     0.5958     0.1195         17       1280: 64% ━━━━━━━╸──── 49/76 16.2s/it 13:13<7:18[K       6/50        11G     0.5046     0.5935     0.1192         16       1280: 65% ━━━━━━━╸──── 50/76 15.3s/it 13:26<6:38[K       6/50        11G     0.5018     0.5943     0.1182         20       1280: 67% ━━━━━━━━──── 51/76 15.4s/it 13:42<6:25[K       6/50        11G     0.5029     0.5991     0.1184         19       1280: 68% ━━━━━━━━──── 52/76 15.9s/it 13:59<6:22[K       6/50        11G     0.4975      0.602     0.1168          8       1280: 69% ━━━━━━━━──── 53/76 15.3s/it 14:13<5:52[K       6/50        11G     0.4948     0.5998      0.116         27       1280: 71% ━━━━━━━━╸─── 54/76 15.6s/it 14:29<5:44[K       6/50        11G     0.4916     0.5979     0.1152         10       1280: 72% ━━━━━━━━╸─── 55/76 16.0s/it 14:46<5:36[K       6/50        11G     0.4906      0.605     0.1147         18       1280: 73% ━━━━━━━━╸─── 56/76 15.6s/it 15:01<5:11[K       6/50        11G     0.4854     0.6021     0.1133         15       1280: 75% ━━━━━━━━━─── 57/76 15.7s/it 15:17<4:59[K       6/50        11G     0.4831     0.5965      0.114         19       1280: 76% ━━━━━━━━━─── 58/76 16.1s/it 15:34<4:49[K       6/50        11G     0.4808     0.5959     0.1137          8       1280: 77% ━━━━━━━━━─── 59/76 16.2s/it 15:51<4:36[K       6/50        11G       0.48     0.5958     0.1126         26       1280: 78% ━━━━━━━━━─── 60/76 15.8s/it 16:06<4:13[K       6/50        11G     0.4786     0.5937     0.1122         11       1280: 80% ━━━━━━━━━╸── 61/76 16.2s/it 16:23<4:03[K       6/50        11G     0.4785     0.5936     0.1117         28       1280: 81% ━━━━━━━━━╸── 62/76 16.1s/it 16:38<3:45[K       6/50        11G     0.4756     0.5918     0.1109         16       1280: 82% ━━━━━━━━━╸── 63/76 16.0s/it 16:54<3:28[K       6/50        11G     0.4735     0.5914     0.1103         30       1280: 84% ━━━━━━━━━━── 64/76 16.0s/it 17:10<3:12[K       6/50        11G     0.4701     0.5903     0.1094         16       1280: 85% ━━━━━━━━━━── 65/76 16.2s/it 17:27<2:58[K       6/50        11G     0.4686     0.5874     0.1087         24       1280: 86% ━━━━━━━━━━── 66/76 15.7s/it 17:42<2:37[K       6/50        11G     0.4691     0.5882     0.1096         13       1280: 88% ━━━━━━━━━━╸─ 67/76 15.7s/it 17:57<2:21[K       6/50        11G     0.4721     0.5846     0.1104         26       1280: 89% ━━━━━━━━━━╸─ 68/76 15.6s/it 18:13<2:05[K       6/50        11G     0.4697     0.5842     0.1103         15       1280: 90% ━━━━━━━━━━╸─ 69/76 15.2s/it 18:27<1:46[K       6/50        11G     0.4723     0.5824     0.1101         27       1280: 92% ━━━━━━━━━━━─ 70/76 15.2s/it 18:42<1:31[K       6/50        11G     0.4736     0.5797     0.1109          9       1280: 93% ━━━━━━━━━━━─ 71/76 15.0s/it 18:57<1:15[K       6/50        11G     0.4729     0.5793     0.1101         15       1280: 94% ━━━━━━━━━━━─ 72/76 15.4s/it 19:13<1:02[K       6/50        11G     0.4727     0.5805     0.1119         17       1280: 96% ━━━━━━━━━━━╸ 73/76 15.5s/it 19:29<46.6s[K       6/50        11G     0.4759     0.5776      0.113          8       1280: 97% ━━━━━━━━━━━╸ 74/76 15.0s/it 19:43<30.1s[K       6/50        11G     0.4726     0.5743     0.1125          4       1280: 98% ━━━━━━━━━━━╸ 75/76 10.3s/it 19:49<10.3s[K       6/50        11G     0.4726     0.5743     0.1125          4       1280: 100% ━━━━━━━━━━━━ 76/76 15.6s/it 19:49
[K                 Class     Images  Instances      Box(P          R      mAP50  mAP50-95): 14% ━╸────────── 1/7 1.6s/it 0.5s<9.7s[K                 Class     Images  Instances      Box(P          R      mAP50  mAP50-95): 28% ━━━───────── 2/7 1.1it/s 0.9s<4.6s[K                 Class     Images  Instances      Box(P          R      mAP50  mAP50-95): 42% ━━━━━─────── 3/7 1.4it/s 1.4s<2.8s[K                 Class     Images  Instances      Box(P          R      mAP50  mAP50-95): 57% ━━━━━━╸───── 4/7 1.6it/s 1.9s<1.8s[K                 Class     Images  Instances      Box(P          R      mAP50  mAP50-95): 71% ━━━━━━━━╸─── 5/7 1.8it/s 2.3s<1.1s[K                 Class     Images  Instances      Box(P          R      mAP50  mAP50-95): 85% ━━━━━━━━━━── 6/7 1.9it/s 2.8s<0.5s[K                 Class     Images  Instances      Box(P          R      mAP50  mAP50-95): 100% ━━━━━━━━━━━━ 7/7 2.4it/s 2.9s
                   all         49         62      0.812       0.43      0.422      0.325

      Epoch    GPU_mem  giou_loss   cls_loss    l1_loss  Instances       Size
/home/aliikched/stage/Compost_Waste_Yolo/compost-yolo/venv/lib/python3.12/site-packages/torch/autograd/graph.py:882: UserWarning: grid_sampler_2d_backward_cuda does not have a deterministic implementation, but you set 'torch.use_deterministic_algorithms(True, warn_only=True)'. You can file an issue at https://github.com/pytorch/pytorch/issues to help us prioritize adding deterministic support for this operation. (Triggered internally at /pytorch/aten/src/ATen/Context.cpp:160.)
  return Variable._execution_engine.run_backward(  # Calls into the C++ engine to run the backward pass
[K       7/50        11G     0.5605     0.4406     0.1138         18       1280: 0% ──────────── 0/76  15.2s[K       7/50        11G     0.5072     0.4921     0.1128         20       1280: 1% ──────────── 1/76 58.4s/it 32.7s<1:12:60[K       7/50        11G     0.4722     0.4701    0.09687         14       1280: 2% ──────────── 2/76 29.6s/it 46.4s<36:27[K       7/50        11G     0.4845     0.4457    0.09892         14       1280: 3% ──────────── 3/76 25.0s/it 1:05<30:24[K       7/50        11G      0.455     0.5407    0.09229         12       1280: 5% ╸─────────── 4/76 20.4s/it 1:19<24:27[K       7/50        11G     0.4486     0.5462     0.1045         11       1280: 6% ╸─────────── 5/76 18.4s/it 1:34<21:49[K       7/50        11G     0.4552     0.5838      0.102         26       1280: 7% ╸─────────── 6/76 16.9s/it 1:48<19:43[K       7/50        11G      0.447     0.6072    0.09765         21       1280: 9% ━─────────── 7/76 17.3s/it 2:06<19:51[K       7/50        11G     0.4424     0.5996      0.096         18       1280: 10% ━─────────── 8/76 15.4s/it 2:19<17:29[K       7/50        11G     0.4434      0.604    0.09988         20       1280: 11% ━─────────── 9/76 15.4s/it 2:34<17:14[K       7/50        11G     0.4298     0.6275    0.09469         12       1280: 13% ━╸────────── 10/76 15.7s/it 2:51<17:17[K       7/50        11G     0.4149      0.608    0.09095         31       1280: 14% ━╸────────── 11/76 16.2s/it 3:08<17:36[K       7/50        11G     0.4315     0.5911    0.09612         14       1280: 15% ━╸────────── 12/76 15.2s/it 3:22<16:14[K       7/50        11G      0.425     0.5959    0.09543         16       1280: 17% ━━────────── 13/76 15.7s/it 3:39<16:30[K       7/50        11G      0.435     0.5944    0.09501         19       1280: 18% ━━────────── 14/76 16.0s/it 3:55<16:29[K       7/50        11G     0.4359     0.5852    0.09702         14       1280: 19% ━━────────── 15/76 16.4s/it 4:13<16:41[K       7/50        11G     0.4277     0.5829    0.09843         18       1280: 21% ━━╸───────── 16/76 16.3s/it 4:29<16:15[K       7/50        11G     0.4355     0.5906    0.09839         20       1280: 22% ━━╸───────── 17/76 15.7s/it 4:43<15:27[K       7/50        11G     0.4297     0.5788    0.09984         21       1280: 23% ━━╸───────── 18/76 16.2s/it 5:01<15:40[K       7/50        11G     0.4251     0.5688    0.09767         28       1280: 25% ━━━───────── 19/76 16.9s/it 5:20<16:05[K       7/50        11G      0.424     0.5713    0.09696         20       1280: 26% ━━━───────── 20/76 16.7s/it 5:36<15:34[K       7/50        11G     0.4239     0.5784    0.09701         21       1280: 27% ━━━───────── 21/76 17.2s/it 5:54<15:48[K       7/50        11G     0.4243     0.5681     0.0989         26       1280: 28% ━━━───────── 22/76 17.7s/it 6:13<15:55[K       7/50        11G     0.4265     0.5759    0.09701         18       1280: 30% ━━━╸──────── 23/76 16.6s/it 6:28<14:42[K       7/50        11G     0.4303     0.5746    0.09763         24       1280: 31% ━━━╸──────── 24/76 16.4s/it 6:44<14:14[K       7/50        11G     0.4347     0.5694    0.09857         25       1280: 32% ━━━╸──────── 25/76 16.8s/it 7:01<14:16[K       7/50        11G     0.4364     0.5652    0.09819         20       1280: 34% ━━━━──────── 26/76 16.8s/it 7:18<14:01[K       7/50        11G     0.4331      0.568    0.09614         15       1280: 35% ━━━━──────── 27/76 16.6s/it 7:35<13:34[K       7/50        11G     0.4331     0.5653    0.09575         21       1280: 36% ━━━━──────── 28/76 17.2s/it 7:53<13:47[K       7/50        11G     0.4325     0.5589    0.09704         22       1280: 38% ━━━━╸─────── 29/76 17.5s/it 8:11<13:41[K       7/50        11G     0.4284     0.5615    0.09591         18       1280: 39% ━━━━╸─────── 30/76 16.9s/it 8:27<12:58[K       7/50        11G     0.4247     0.5568    0.09515         18       1280: 40% ━━━━╸─────── 31/76 16.5s/it 8:43<12:22[K       7/50        11G     0.4373     0.5516    0.09567         13       1280: 42% ━━━━━─────── 32/76 16.1s/it 8:58<11:47[K       7/50        11G     0.4347      0.553    0.09468         16       1280: 43% ━━━━━─────── 33/76 15.6s/it 9:12<11:09[K       7/50        11G     0.4368     0.5529    0.09519         15       1280: 44% ━━━━━─────── 34/76 15.6s/it 9:28<10:56[K       7/50        11G     0.4354     0.5514    0.09475         21       1280: 46% ━━━━━╸────── 35/76 15.5s/it 9:43<10:34[K       7/50        11G     0.4334      0.546    0.09376         19       1280: 47% ━━━━━╸────── 36/76 16.0s/it 10:01<10:40[K       7/50        11G      0.436     0.5453     0.0954         16       1280: 48% ━━━━━╸────── 37/76 15.3s/it 10:14<9:55[K       7/50        11G     0.4361     0.5473    0.09622         17       1280: 50% ━━━━━━────── 38/76 15.5s/it 10:31<9:51[K       7/50        11G     0.4327     0.5483    0.09489         21       1280: 51% ━━━━━━────── 39/76 15.1s/it 10:45<9:20[K       7/50        11G     0.4267     0.5492    0.09393          8       1280: 52% ━━━━━━────── 40/76 15.0s/it 10:60<9:01[K       7/50        11G     0.4241     0.5448    0.09328         14       1280: 53% ━━━━━━────── 41/76 15.7s/it 11:17<9:09[K       7/50        11G     0.4233     0.5537    0.09238          6       1280: 55% ━━━━━━╸───── 42/76 16.1s/it 11:34<9:06[K       7/50        11G     0.4202     0.5507    0.09162         31       1280: 56% ━━━━━━╸───── 43/76 15.7s/it 11:49<8:37[K       7/50        11G     0.4183     0.5483    0.09081         13       1280: 57% ━━━━━━╸───── 44/76 15.2s/it 12:03<8:07[K       7/50        11G     0.4134       0.55    0.08972          9       1280: 59% ━━━━━━━───── 45/76 15.3s/it 12:19<7:55[K       7/50        11G     0.4126     0.5492    0.08956         28       1280: 60% ━━━━━━━───── 46/76 15.9s/it 12:36<7:56[K       7/50        11G     0.4085     0.5463    0.08836         11       1280: 61% ━━━━━━━───── 47/76 14.8s/it 12:49<7:10[K       7/50        11G     0.4066     0.5443    0.08772         11       1280: 63% ━━━━━━━╸──── 48/76 15.7s/it 13:07<7:18[K       7/50        11G     0.4059     0.5454    0.08735         16       1280: 64% ━━━━━━━╸──── 49/76 16.0s/it 13:24<7:13[K       7/50        11G     0.4074     0.5466    0.08737         18       1280: 65% ━━━━━━━╸──── 50/76 16.1s/it 13:40<6:57[K       7/50        11G     0.4044     0.5461     0.0866         19       1280: 67% ━━━━━━━━──── 51/76 15.9s/it 13:56<6:38[K       7/50        11G     0.3999      0.549     0.0858          8       1280: 68% ━━━━━━━━──── 52/76 15.6s/it 14:11<6:14[K       7/50        11G      0.402     0.5521    0.08644         33       1280: 69% ━━━━━━━━──── 53/76 15.0s/it 14:25<5:46[K       7/50        11G     0.4068     0.5509    0.08686         30       1280: 71% ━━━━━━━━╸─── 54/76 15.3s/it 14:41<5:37[K       7/50        11G     0.4092     0.5517    0.08736         20       1280: 72% ━━━━━━━━╸─── 55/76 15.8s/it 14:58<5:32[K       7/50        11G     0.4064     0.5499    0.08678         14       1280: 73% ━━━━━━━━╸─── 56/76 15.7s/it 15:13<5:13[K       7/50        11G     0.4056      0.553    0.08634         35       1280: 75% ━━━━━━━━━─── 57/76 15.5s/it 15:28<4:55[K       7/50        11G     0.4082     0.5531    0.08716         32       1280: 76% ━━━━━━━━━─── 58/76 15.5s/it 15:44<4:39[K       7/50        11G     0.4112     0.5543    0.08926          9       1280: 77% ━━━━━━━━━─── 59/76 15.4s/it 15:59<4:21[K       7/50        11G     0.4148     0.5523    0.08983         37       1280: 78% ━━━━━━━━━─── 60/76 15.1s/it 16:13<4:02[K       7/50        11G     0.4175     0.5511    0.09003         23       1280: 80% ━━━━━━━━━╸── 61/76 15.6s/it 16:30<3:54[K       7/50        11G     0.4219     0.5511    0.09099         30       1280: 81% ━━━━━━━━━╸── 62/76 15.6s/it 16:46<3:39[K       7/50        11G     0.4256     0.5484    0.09191         25       1280: 82% ━━━━━━━━━╸── 63/76 16.3s/it 17:04<3:32[K       7/50        11G     0.4317     0.5473    0.09365         23       1280: 84% ━━━━━━━━━━── 64/76 16.7s/it 17:22<3:21[K       7/50        11G     0.4322      0.549     0.0937         25       1280: 85% ━━━━━━━━━━── 65/76 16.8s/it 17:39<3:04[K       7/50        11G     0.4338     0.5473     0.0937         20       1280: 86% ━━━━━━━━━━── 66/76 16.3s/it 17:54<2:43[K       7/50        11G     0.4389     0.5489     0.0945         17       1280: 88% ━━━━━━━━━━╸─ 67/76 15.6s/it 18:08<2:20[K       7/50        11G     0.4375     0.5504    0.09406         15       1280: 89% ━━━━━━━━━━╸─ 68/76 15.1s/it 18:22<2:01[K       7/50        11G     0.4382     0.5506    0.09437         19       1280: 90% ━━━━━━━━━━╸─ 69/76 15.8s/it 18:40<1:51[K       7/50        11G     0.4367     0.5521    0.09459         11       1280: 92% ━━━━━━━━━━━─ 70/76 16.2s/it 18:57<1:37[K       7/50        11G     0.4371     0.5512    0.09416         22       1280: 93% ━━━━━━━━━━━─ 71/76 15.6s/it 19:11<1:18[K       7/50        11G     0.4379     0.5504     0.0945         21       1280: 94% ━━━━━━━━━━━─ 72/76 15.9s/it 19:28<1:03[K       7/50        11G     0.4408     0.5515    0.09456         19       1280: 96% ━━━━━━━━━━━╸ 73/76 15.3s/it 19:42<46.0s[K       7/50        11G      0.441     0.5529    0.09455         20       1280: 97% ━━━━━━━━━━━╸ 74/76 15.4s/it 19:58<30.8s[K       7/50        11G     0.4398     0.5548    0.09433         12       1280: 98% ━━━━━━━━━━━╸ 75/76 10.1s/it 20:03<10.1s[K       7/50        11G     0.4398     0.5548    0.09433         12       1280: 100% ━━━━━━━━━━━━ 76/76 15.8s/it 20:03
[K                 Class     Images  Instances      Box(P          R      mAP50  mAP50-95): 14% ━╸────────── 1/7 1.0s/it 0.3s<6.2s[K                 Class     Images  Instances      Box(P          R      mAP50  mAP50-95): 28% ━━━───────── 2/7 1.7it/s 0.6s<2.9s[K                 Class     Images  Instances      Box(P          R      mAP50  mAP50-95): 42% ━━━━━─────── 3/7 2.3it/s 0.9s<1.8s[K                 Class     Images  Instances      Box(P          R      mAP50  mAP50-95): 57% ━━━━━━╸───── 4/7 2.6it/s 1.2s<1.1s[K                 Class     Images  Instances      Box(P          R      mAP50  mAP50-95): 71% ━━━━━━━━╸─── 5/7 2.9it/s 1.4s<0.7s[K                 Class     Images  Instances      Box(P          R      mAP50  mAP50-95): 85% ━━━━━━━━━━── 6/7 3.1it/s 1.7s<0.3s[K                 Class     Images  Instances      Box(P          R      mAP50  mAP50-95): 100% ━━━━━━━━━━━━ 7/7 3.8it/s 1.9s
                   all         49         62      0.783      0.416      0.443      0.331

      Epoch    GPU_mem  giou_loss   cls_loss    l1_loss  Instances       Size
/home/aliikched/stage/Compost_Waste_Yolo/compost-yolo/venv/lib/python3.12/site-packages/torch/autograd/graph.py:882: UserWarning: grid_sampler_2d_backward_cuda does not have a deterministic implementation, but you set 'torch.use_deterministic_algorithms(True, warn_only=True)'. You can file an issue at https://github.com/pytorch/pytorch/issues to help us prioritize adding deterministic support for this operation. (Triggered internally at /pytorch/aten/src/ATen/Context.cpp:160.)
  return Variable._execution_engine.run_backward(  # Calls into the C++ engine to run the backward pass
[K       8/50        11G     0.5722     0.5882     0.1525         19       1280: 0% ──────────── 0/76  15.5s[K       8/50        11G     0.3969     0.6125    0.09775          9       1280: 1% ──────────── 1/76 58.6s/it 33.0s<1:13:17[K       8/50        11G     0.4753      0.605     0.1368         16       1280: 2% ──────────── 2/76 30.9s/it 47.7s<38:08[K       8/50        11G     0.4341     0.6305     0.1145         24       1280: 3% ──────────── 3/76 24.9s/it 1:05<30:15[K       8/50        11G     0.5081     0.5795     0.1301         12       1280: 5% ╸─────────── 4/76 21.2s/it 1:21<25:24[K       8/50        11G     0.4781     0.6481     0.1187          8       1280: 6% ╸─────────── 5/76 17.6s/it 1:33<20:50[K       8/50        11G       0.45     0.6324     0.1069         21       1280: 7% ╸─────────── 6/76 17.9s/it 1:52<20:56[K       8/50        11G     0.4368     0.6046     0.1057         39       1280: 9% ━─────────── 7/76 16.8s/it 2:06<19:17[K       8/50        11G     0.4456     0.5814     0.1054         23       1280: 10% ━─────────── 8/76 16.2s/it 2:21<18:21[K       8/50        11G     0.4202     0.5751    0.09876         22       1280: 11% ━─────────── 9/76 16.0s/it 2:37<17:49[K       8/50        11G     0.4108     0.5755     0.0945         21       1280: 13% ━╸────────── 10/76 16.2s/it 2:54<17:46[K       8/50        11G     0.3916     0.5587    0.09098         17       1280: 14% ━╸────────── 11/76 15.4s/it 3:08<16:44[K       8/50        11G     0.4018     0.5468    0.09443         19       1280: 15% ━╸────────── 12/76 16.0s/it 3:25<17:02[K       8/50        11G     0.3913     0.5373    0.09103         29       1280: 17% ━━────────── 13/76 16.4s/it 3:42<17:12[K       8/50        11G      0.382     0.5336    0.08745         20       1280: 18% ━━────────── 14/76 15.4s/it 3:56<15:58[K       8/50        11G     0.4059     0.5429     0.1007          9       1280: 19% ━━────────── 15/76 15.2s/it 4:11<15:27[K       8/50        11G     0.3991     0.5503    0.09858         15       1280: 21% ━━╸───────── 16/76 16.0s/it 4:29<15:59[K       8/50        11G     0.4021     0.5473    0.09745         41       1280: 22% ━━╸───────── 17/76 15.5s/it 4:43<15:17[K       8/50        11G     0.3975     0.5431    0.09513         14       1280: 23% ━━╸───────── 18/76 15.4s/it 4:59<14:55[K       8/50        11G     0.3892     0.5356    0.09371         29       1280: 25% ━━━───────── 19/76 15.6s/it 5:15<14:50[K       8/50        11G     0.3908     0.5299    0.09354          9       1280: 26% ━━━───────── 20/76 16.1s/it 5:32<15:00[K       8/50        11G     0.3914     0.5509    0.09255         11       1280: 27% ━━━───────── 21/76 16.5s/it 5:50<15:10[K       8/50        11G     0.3912     0.5457    0.09137         23       1280: 28% ━━━───────── 22/76 17.0s/it 6:08<15:19[K       8/50        11G     0.3934     0.5397     0.0917         13       1280: 30% ━━━╸──────── 23/76 16.3s/it 6:23<14:22[K       8/50        11G      0.394     0.5437    0.09066         24       1280: 31% ━━━╸──────── 24/76 16.9s/it 6:41<14:37[K       8/50        11G     0.3928     0.5435    0.08934         23       1280: 32% ━━━╸──────── 25/76 16.3s/it 6:56<13:51[K       8/50        11G     0.3924     0.5409    0.08902         18       1280: 34% ━━━━──────── 26/76 15.9s/it 7:11<13:16[K       8/50        11G     0.3936     0.5355    0.08985         18       1280: 35% ━━━━──────── 27/76 16.7s/it 7:30<13:39[K       8/50        11G      0.396     0.5328    0.08894         22       1280: 36% ━━━━──────── 28/76 17.3s/it 7:49<13:49[K       8/50        11G     0.3942     0.5326    0.08767         23       1280: 38% ━━━━╸─────── 29/76 17.0s/it 8:05<13:20[K       8/50        11G     0.3953     0.5293    0.08687         19       1280: 39% ━━━━╸─────── 30/76 16.9s/it 8:22<12:59[K       8/50        11G     0.3889     0.5327    0.08529         11       1280: 40% ━━━━╸─────── 31/76 16.8s/it 8:39<12:37[K       8/50        11G     0.3949     0.5299     0.0861         20       1280: 42% ━━━━━─────── 32/76 16.6s/it 8:55<12:12[K       8/50        11G     0.3903     0.5281    0.08538         15       1280: 43% ━━━━━─────── 33/76 16.8s/it 9:12<12:01[K       8/50        11G     0.3854     0.5227    0.08393         11       1280: 44% ━━━━━─────── 34/76 17.1s/it 9:30<11:58[K       8/50        11G     0.3837     0.5201    0.08324         16       1280: 46% ━━━━━╸────── 35/76 17.1s/it 9:47<11:39[K       8/50        11G     0.3827     0.5192     0.0824         19       1280: 47% ━━━━━╸────── 36/76 16.6s/it 10:02<11:03[K       8/50        11G     0.3816     0.5196    0.08208         13       1280: 48% ━━━━━╸────── 37/76 16.0s/it 10:17<10:24[K       8/50        11G     0.3842     0.5179    0.08172         17       1280: 50% ━━━━━━────── 38/76 15.6s/it 10:32<9:53[K       8/50        11G     0.3842     0.5172    0.08135         23       1280: 51% ━━━━━━────── 39/76 16.1s/it 10:49<9:56[K       8/50        11G     0.3884     0.5126    0.08297         28       1280: 52% ━━━━━━────── 40/76 15.4s/it 11:03<9:14[K       8/50        11G     0.3901     0.5167    0.08301         21       1280: 53% ━━━━━━────── 41/76 16.1s/it 11:21<9:24[K       8/50        11G     0.3889     0.5172    0.08447         14       1280: 55% ━━━━━━╸───── 42/76 15.8s/it 11:36<8:57[K       8/50        11G     0.3851     0.5126    0.08404          7       1280: 56% ━━━━━━╸───── 43/76 16.6s/it 11:55<9:09[K       8/50        11G     0.3887     0.5123    0.08446         15       1280: 57% ━━━━━━╸───── 44/76 16.8s/it 12:13<8:57[K       8/50        11G     0.3944     0.5162    0.08656         14       1280: 59% ━━━━━━━───── 45/76 16.8s/it 12:29<8:40[K       8/50        11G     0.4023     0.5129    0.08755         25       1280: 60% ━━━━━━━───── 46/76 16.8s/it 12:46<8:23[K       8/50        11G     0.3983     0.5101    0.08704          8       1280: 61% ━━━━━━━───── 47/76 16.6s/it 13:02<8:00[K       8/50        11G     0.4039     0.5083    0.08818         29       1280: 63% ━━━━━━━╸──── 48/76 16.5s/it 13:18<7:41[K       8/50        11G     0.4079     0.5127    0.08896         14       1280: 64% ━━━━━━━╸──── 49/76 16.4s/it 13:35<7:22[K       8/50        11G     0.4171     0.5119    0.08898         13       1280: 65% ━━━━━━━╸──── 50/76 16.6s/it 13:52<7:11[K       8/50        11G     0.4173     0.5109    0.08858         21       1280: 67% ━━━━━━━━──── 51/76 16.8s/it 14:09<7:01[K       8/50        11G     0.4143     0.5094    0.08892         11       1280: 68% ━━━━━━━━──── 52/76 16.5s/it 14:25<6:37[K       8/50        11G     0.4171     0.5119    0.08939         17       1280: 69% ━━━━━━━━──── 53/76 15.6s/it 14:39<5:58[K       8/50        11G      0.414      0.511    0.08872         11       1280: 71% ━━━━━━━━╸─── 54/76 15.9s/it 14:55<5:50[K       8/50        11G     0.4147     0.5078    0.08868         13       1280: 72% ━━━━━━━━╸─── 55/76 16.3s/it 15:13<5:42[K       8/50        11G     0.4163     0.5081    0.08994         29       1280: 73% ━━━━━━━━╸─── 56/76 16.7s/it 15:30<5:33[K       8/50        11G     0.4175     0.5104    0.08982         21       1280: 75% ━━━━━━━━━─── 57/76 16.6s/it 15:47<5:15[K       8/50        11G     0.4172     0.5098    0.08913         27       1280: 76% ━━━━━━━━━─── 58/76 17.2s/it 16:06<5:09[K       8/50        11G     0.4227     0.5102    0.09003         12       1280: 77% ━━━━━━━━━─── 59/76 16.8s/it 16:21<4:45[K       8/50        11G     0.4211     0.5095    0.09012         17       1280: 78% ━━━━━━━━━─── 60/76 17.3s/it 16:40<4:36[K       8/50        11G     0.4188     0.5128     0.0895          5       1280: 80% ━━━━━━━━━╸── 61/76 17.0s/it 16:56<4:14[K       8/50        11G     0.4147     0.5334    0.08846          2       1280: 81% ━━━━━━━━━╸── 62/76 17.0s/it 17:13<3:58[K       8/50        11G     0.4173     0.5328    0.08854         27       1280: 82% ━━━━━━━━━╸── 63/76 16.5s/it 17:29<3:35[K       8/50        11G     0.4162     0.5314    0.08842         21       1280: 84% ━━━━━━━━━━── 64/76 16.5s/it 17:45<3:17[K       8/50        11G     0.4182     0.5323     0.0883         22       1280: 85% ━━━━━━━━━━── 65/76 16.5s/it 18:02<3:01[K       8/50        11G     0.4149      0.536    0.08734          5       1280: 86% ━━━━━━━━━━── 66/76 16.5s/it 18:18<2:45[K       8/50        11G     0.4165     0.5378    0.08721         23       1280: 88% ━━━━━━━━━━╸─ 67/76 16.1s/it 18:33<2:25[K       8/50        11G     0.4191     0.5352    0.08853         10       1280: 89% ━━━━━━━━━━╸─ 68/76 16.1s/it 18:50<2:09[K       8/50        11G     0.4205     0.5343    0.08829         34       1280: 90% ━━━━━━━━━━╸─ 69/76 16.3s/it 19:06<1:54[K       8/50        11G     0.4214     0.5328     0.0884         16       1280: 92% ━━━━━━━━━━━─ 70/76 16.2s/it 19:22<1:37[K       8/50        11G     0.4264     0.5327     0.0893         30       1280: 93% ━━━━━━━━━━━─ 71/76 16.3s/it 19:39<1:21[K       8/50        11G     0.4244     0.5333    0.08972         11       1280: 94% ━━━━━━━━━━━─ 72/76 16.1s/it 19:54<1:04[K       8/50        11G     0.4249     0.5363    0.08962         30       1280: 96% ━━━━━━━━━━━╸ 73/76 15.9s/it 20:10<47.7s[K       8/50        11G     0.4248     0.5363    0.08951         17       1280: 97% ━━━━━━━━━━━╸ 74/76 15.6s/it 20:25<31.2s[K       8/50        11G      0.425     0.5392    0.08924         12       1280: 98% ━━━━━━━━━━━╸ 75/76 11.5s/it 20:32<11.5s[K       8/50        11G      0.425     0.5392    0.08924         12       1280: 100% ━━━━━━━━━━━━ 76/76 16.2s/it 20:32
[K                 Class     Images  Instances      Box(P          R      mAP50  mAP50-95): 14% ━╸────────── 1/7 1.1s/it 0.3s<6.5s[K                 Class     Images  Instances      Box(P          R      mAP50  mAP50-95): 28% ━━━───────── 2/7 1.7it/s 0.6s<3.0s[K                 Class     Images  Instances      Box(P          R      mAP50  mAP50-95): 42% ━━━━━─────── 3/7 2.2it/s 0.9s<1.8s[K                 Class     Images  Instances      Box(P          R      mAP50  mAP50-95): 57% ━━━━━━╸───── 4/7 2.6it/s 1.2s<1.2s[K                 Class     Images  Instances      Box(P          R      mAP50  mAP50-95): 71% ━━━━━━━━╸─── 5/7 2.9it/s 1.5s<0.7s[K                 Class     Images  Instances      Box(P          R      mAP50  mAP50-95): 85% ━━━━━━━━━━── 6/7 2.7it/s 1.9s<0.4s[K                 Class     Images  Instances      Box(P          R      mAP50  mAP50-95): 100% ━━━━━━━━━━━━ 7/7 3.3it/s 2.1s
                   all         49         62       0.53      0.427      0.481      0.361

      Epoch    GPU_mem  giou_loss   cls_loss    l1_loss  Instances       Size
/home/aliikched/stage/Compost_Waste_Yolo/compost-yolo/venv/lib/python3.12/site-packages/torch/autograd/graph.py:882: UserWarning: grid_sampler_2d_backward_cuda does not have a deterministic implementation, but you set 'torch.use_deterministic_algorithms(True, warn_only=True)'. You can file an issue at https://github.com/pytorch/pytorch/issues to help us prioritize adding deterministic support for this operation. (Triggered internally at /pytorch/aten/src/ATen/Context.cpp:160.)
  return Variable._execution_engine.run_backward(  # Calls into the C++ engine to run the backward pass
[K       9/50        11G     0.5263     0.4506    0.08918         14       1280: 0% ──────────── 0/76  15.2s[K       9/50        11G      0.606     0.4567     0.1275         39       1280: 1% ──────────── 1/76 58.5s/it 32.7s<1:13:05[K       9/50        11G      0.522      0.469     0.1135         11       1280: 2% ──────────── 2/76 30.0s/it 46.8s<37:00[K       9/50        11G     0.4766     0.4911     0.1078         27       1280: 3% ──────────── 3/76 25.1s/it 1:05<30:32[K       9/50        11G     0.4556     0.5087     0.1027         11       1280: 5% ╸─────────── 4/76 20.4s/it 1:19<24:29[K       9/50        11G     0.4812     0.5214    0.09508         20       1280: 6% ╸─────────── 5/76 18.6s/it 1:35<22:04[K       9/50        11G     0.4742     0.5195    0.09391         23       1280: 7% ╸─────────── 6/76 17.9s/it 1:51<20:50[K       9/50        11G     0.4505     0.5226    0.09738         16       1280: 9% ━─────────── 7/76 17.7s/it 2:08<20:21[K       9/50        11G      0.438     0.5604    0.09519         12       1280: 10% ━─────────── 8/76 17.2s/it 2:24<19:28[K       9/50        11G     0.4317     0.5611    0.09369         23       1280: 11% ━─────────── 9/76 16.7s/it 2:40<18:39[K       9/50        11G     0.4261     0.5586    0.09283         12       1280: 13% ━╸────────── 10/76 17.2s/it 2:59<18:56[K       9/50        11G      0.429     0.5582      0.094         31       1280: 14% ━╸────────── 11/76 16.6s/it 3:14<18:02[K       9/50        11G     0.4099     0.5396    0.08949         14       1280: 15% ━╸────────── 12/76 17.0s/it 3:32<18:10[K       9/50        11G     0.4221     0.5408    0.08867         30       1280: 17% ━━────────── 13/76 17.2s/it 3:50<18:05[K       9/50        11G     0.4119     0.5376    0.08585         30       1280: 18% ━━────────── 14/76 16.9s/it 4:06<17:27[K       9/50        11G     0.3991     0.5295    0.08332         12       1280: 19% ━━────────── 15/76 16.8s/it 4:22<17:02[K       9/50        11G     0.4005     0.5195    0.08438         13       1280: 21% ━━╸───────── 16/76 16.5s/it 4:38<16:29[K       9/50        11G     0.3892     0.5268    0.08188         19       1280: 22% ━━╸───────── 17/76 16.2s/it 4:54<15:58[K       9/50        11G     0.3985     0.5212    0.08248         34       1280: 23% ━━╸───────── 18/76 15.5s/it 5:08<14:60[K       9/50        11G     0.3939     0.5252    0.08129         21       1280: 25% ━━━───────── 19/76 15.6s/it 5:24<14:50[K       9/50        11G     0.3904     0.5235    0.08094         24       1280: 26% ━━━───────── 20/76 16.0s/it 5:41<14:56[K       9/50        11G     0.3829     0.5215    0.07937         23       1280: 27% ━━━───────── 21/76 15.3s/it 5:55<13:60[K       9/50        11G     0.3855     0.5193    0.08132         31       1280: 28% ━━━───────── 22/76 15.6s/it 6:11<14:04[K       9/50        11G      0.377     0.5196    0.07972         11       1280: 30% ━━━╸──────── 23/76 15.6s/it 6:27<13:47[K       9/50        11G     0.3878     0.5233     0.0801         29       1280: 31% ━━━╸──────── 24/76 15.0s/it 6:41<13:02[K       9/50        11G     0.3944     0.5174     0.0808         19       1280: 32% ━━━╸──────── 25/76 15.7s/it 6:58<13:18[K       9/50        11G     0.3949     0.5129    0.08101         13       1280: 34% ━━━━──────── 26/76 15.0s/it 7:12<12:32[K       9/50        11G     0.4028       0.51    0.08097         18       1280: 35% ━━━━──────── 27/76 15.1s/it 7:27<12:18[K       9/50        11G     0.4162     0.5058    0.08319         14       1280: 36% ━━━━──────── 28/76 15.2s/it 7:42<12:08[K       9/50        11G     0.4156     0.5043    0.08304         23       1280: 38% ━━━━╸─────── 29/76 15.2s/it 7:57<11:54[K       9/50        11G     0.4201     0.5028    0.08346         17       1280: 39% ━━━━╸─────── 30/76 14.6s/it 8:11<11:11[K       9/50        11G     0.4193     0.5024    0.08417         16       1280: 40% ━━━━╸─────── 31/76 15.6s/it 8:29<11:41[K       9/50        11G     0.4164     0.5028    0.08336         28       1280: 42% ━━━━━─────── 32/76 14.6s/it 8:42<10:43[K       9/50        11G     0.4135      0.499    0.08237         25       1280: 43% ━━━━━─────── 33/76 14.9s/it 8:58<10:42[K       9/50        11G     0.4184     0.4973    0.08254         17       1280: 44% ━━━━━─────── 34/76 15.2s/it 9:14<10:38[K       9/50        11G      0.423     0.4948    0.08203         12       1280: 46% ━━━━━╸────── 35/76 15.9s/it 9:31<10:50[K       9/50        11G     0.4157     0.4966    0.08048          8       1280: 47% ━━━━━╸────── 36/76 15.3s/it 9:45<10:12[K       9/50        11G     0.4103     0.4923    0.07957         18       1280: 48% ━━━━━╸────── 37/76 15.5s/it 10:01<10:04[K       9/50        11G     0.4073     0.4927    0.07951         15       1280: 50% ━━━━━━────── 38/76 16.0s/it 10:19<10:07[K       9/50        11G     0.4038      0.492    0.07852         23       1280: 51% ━━━━━━────── 39/76 16.4s/it 10:36<10:08[K       9/50        11G     0.4018     0.4883    0.07879         11       1280: 52% ━━━━━━────── 40/76 16.3s/it 10:52<9:45[K       9/50        11G     0.3956     0.4924    0.07776         16       1280: 53% ━━━━━━────── 41/76 16.2s/it 11:08<9:27[K       9/50        11G     0.3906     0.4918    0.07676         12       1280: 55% ━━━━━━╸───── 42/76 15.6s/it 11:22<8:49[K       9/50        11G     0.3881     0.4923    0.07759         18       1280: 56% ━━━━━━╸───── 43/76 16.3s/it 11:41<8:58[K       9/50        11G     0.3849     0.4908    0.07733         22       1280: 57% ━━━━━━╸───── 44/76 15.4s/it 11:54<8:12[K       9/50        11G     0.3848     0.4906    0.07741         23       1280: 59% ━━━━━━━───── 45/76 16.1s/it 12:12<8:18[K       9/50        11G     0.3841     0.4924    0.07705         13       1280: 60% ━━━━━━━───── 46/76 15.8s/it 12:27<7:54[K       9/50        11G     0.3806     0.4959    0.07635         26       1280: 61% ━━━━━━━───── 47/76 16.1s/it 12:44<7:47[K       9/50        11G     0.3822     0.4976    0.07697         11       1280: 63% ━━━━━━━╸──── 48/76 15.9s/it 12:60<7:24[K       9/50        11G     0.3794     0.4945    0.07613         11       1280: 64% ━━━━━━━╸──── 49/76 15.7s/it 13:15<7:03[K       9/50        11G     0.3823     0.4933    0.07605         16       1280: 65% ━━━━━━━╸──── 50/76 15.9s/it 13:31<6:54[K       9/50        11G     0.3843     0.5017    0.07714         11       1280: 67% ━━━━━━━━──── 51/76 16.0s/it 13:48<6:40[K       9/50        11G     0.3876     0.5002    0.07822         13       1280: 68% ━━━━━━━━──── 52/76 16.1s/it 14:04<6:26[K       9/50        11G      0.392     0.5019    0.07891         18       1280: 69% ━━━━━━━━──── 53/76 16.5s/it 14:22<6:20[K       9/50        11G     0.3943     0.5005    0.07865         29       1280: 71% ━━━━━━━━╸─── 54/76 16.4s/it 14:38<6:02[K       9/50        11G     0.3945     0.5041    0.07868         25       1280: 72% ━━━━━━━━╸─── 55/76 16.1s/it 14:53<5:39[K       9/50        11G     0.3933     0.5036    0.07817         21       1280: 73% ━━━━━━━━╸─── 56/76 15.7s/it 15:08<5:14[K       9/50        11G     0.3927     0.5027    0.07943         11       1280: 75% ━━━━━━━━━─── 57/76 15.7s/it 15:24<4:58[K       9/50        11G     0.3939     0.5027    0.07878         15       1280: 76% ━━━━━━━━━─── 58/76 16.1s/it 15:41<4:49[K       9/50        11G     0.4001     0.5054     0.0802         22       1280: 77% ━━━━━━━━━─── 59/76 16.2s/it 15:57<4:35[K       9/50        11G      0.399     0.5039    0.08009         18       1280: 78% ━━━━━━━━━─── 60/76 16.9s/it 16:16<4:31[K       9/50        11G     0.3983     0.5058    0.08001         11       1280: 80% ━━━━━━━━━╸── 61/76 17.3s/it 16:34<4:19[K       9/50        11G     0.3981     0.5045    0.07941         23       1280: 81% ━━━━━━━━━╸── 62/76 16.7s/it 16:50<3:54[K       9/50        11G     0.3962     0.5042    0.07932         16       1280: 82% ━━━━━━━━━╸── 63/76 16.5s/it 17:06<3:35[K       9/50        11G     0.3941     0.4999    0.07863         22       1280: 84% ━━━━━━━━━━── 64/76 16.7s/it 17:23<3:20[K       9/50        11G     0.3953     0.4968    0.07903         18       1280: 85% ━━━━━━━━━━── 65/76 16.5s/it 17:39<3:01[K       9/50        11G     0.3948     0.4969    0.07907         19       1280: 86% ━━━━━━━━━━── 66/76 16.7s/it 17:56<2:47[K       9/50        11G     0.3923     0.4954    0.07867         12       1280: 88% ━━━━━━━━━━╸─ 67/76 17.0s/it 18:14<2:33[K       9/50        11G     0.3923     0.4939    0.07884         17       1280: 89% ━━━━━━━━━━╸─ 68/76 16.6s/it 18:30<2:13[K       9/50        11G     0.3932     0.4929    0.07895         26       1280: 90% ━━━━━━━━━━╸─ 69/76 16.4s/it 18:45<1:55[K       9/50        11G     0.3929     0.4918    0.07891         17       1280: 92% ━━━━━━━━━━━─ 70/76 16.8s/it 19:04<1:41[K       9/50        11G     0.3925     0.4919    0.07881         20       1280: 93% ━━━━━━━━━━━─ 71/76 16.0s/it 19:18<1:20[K       9/50        11G     0.3892     0.4908    0.07819         11       1280: 94% ━━━━━━━━━━━─ 72/76 16.7s/it 19:37<1:07[K       9/50        11G     0.3888     0.4901    0.07809         16       1280: 96% ━━━━━━━━━━━╸ 73/76 16.8s/it 19:54<50.5s[K       9/50        11G     0.3892     0.4878     0.0781         30       1280: 97% ━━━━━━━━━━━╸ 74/76 16.9s/it 20:11<33.7s[K       9/50        11G     0.3858     0.4843    0.07756          7       1280: 98% ━━━━━━━━━━━╸ 75/76 11.3s/it 20:17<11.3s[K       9/50        11G     0.3858     0.4843    0.07756          7       1280: 100% ━━━━━━━━━━━━ 76/76 16.0s/it 20:17
[K                 Class     Images  Instances      Box(P          R      mAP50  mAP50-95): 14% ━╸────────── 1/7 1.7s/it 0.5s<10.2s[K                 Class     Images  Instances      Box(P          R      mAP50  mAP50-95): 28% ━━━───────── 2/7 1.0it/s 1.0s<4.9s[K                 Class     Images  Instances      Box(P          R      mAP50  mAP50-95): 42% ━━━━━─────── 3/7 1.3it/s 1.5s<3.0s[K                 Class     Images  Instances      Box(P          R      mAP50  mAP50-95): 57% ━━━━━━╸───── 4/7 1.3it/s 2.2s<2.3s[K                 Class     Images  Instances      Box(P          R      mAP50  mAP50-95): 71% ━━━━━━━━╸─── 5/7 1.3it/s 3.1s<1.6s[K                 Class     Images  Instances      Box(P          R      mAP50  mAP50-95): 85% ━━━━━━━━━━── 6/7 1.2it/s 4.0s<0.8s[K                 Class     Images  Instances      Box(P          R      mAP50  mAP50-95): 100% ━━━━━━━━━━━━ 7/7 1.7it/s 4.1s
                   all         49         62      0.846      0.501      0.511      0.353

      Epoch    GPU_mem  giou_loss   cls_loss    l1_loss  Instances       Size
/home/aliikched/stage/Compost_Waste_Yolo/compost-yolo/venv/lib/python3.12/site-packages/torch/autograd/graph.py:882: UserWarning: grid_sampler_2d_backward_cuda does not have a deterministic implementation, but you set 'torch.use_deterministic_algorithms(True, warn_only=True)'. You can file an issue at https://github.com/pytorch/pytorch/issues to help us prioritize adding deterministic support for this operation. (Triggered internally at /pytorch/aten/src/ATen/Context.cpp:160.)
  return Variable._execution_engine.run_backward(  # Calls into the C++ engine to run the backward pass
[K      10/50        11G     0.3383     0.4262    0.05924         32       1280: 0% ──────────── 0/76  15.7s[K      10/50        11G      0.288     0.4994    0.05949         20       1280: 1% ──────────── 1/76 58.0s/it 33.1s<1:12:28[K      10/50        11G     0.2784     0.4917    0.05399         25       1280: 2% ──────────── 2/76 31.0s/it 48.0s<38:15[K      10/50        11G      0.308     0.4648    0.05973         23       1280: 3% ──────────── 3/76 25.7s/it 1:06<31:13[K      10/50        11G     0.3223     0.4737    0.06211         30       1280: 5% ╸─────────── 4/76 21.0s/it 1:21<25:13[K      10/50        11G     0.3464     0.4488    0.06427         16       1280: 6% ╸─────────── 5/76 19.6s/it 1:38<23:10[K      10/50        11G     0.3588     0.4689    0.06421         20       1280: 7% ╸─────────── 6/76 17.9s/it 1:53<20:54[K      10/50        11G     0.3312     0.4467    0.06003         15       1280: 9% ━─────────── 7/76 18.1s/it 2:11<20:50[K      10/50        11G     0.3376     0.4638    0.05999         26       1280: 10% ━─────────── 8/76 17.6s/it 2:28<19:54[K      10/50        11G     0.3105     0.4334     0.0562         16       1280: 11% ━─────────── 9/76 17.1s/it 2:44<19:03[K      10/50        11G     0.3196     0.4341    0.05897         22       1280: 13% ━╸────────── 10/76 17.6s/it 3:03<19:22[K      10/50        11G     0.3468     0.4247    0.06998         34       1280: 14% ━╸────────── 11/76 17.7s/it 3:21<19:09[K      10/50        11G     0.3535     0.4178    0.07044         19       1280: 15% ━╸────────── 12/76 15.7s/it 3:33<16:42[K      10/50        11G     0.3728     0.4201    0.07286         25       1280: 17% ━━────────── 13/76 15.1s/it 3:47<15:50[K      10/50        11G     0.3741      0.435    0.07363         27       1280: 18% ━━────────── 14/76 15.4s/it 4:03<15:53[K      10/50        11G      0.383     0.4367    0.08081         16       1280: 19% ━━────────── 15/76 15.0s/it 4:17<15:16[K      10/50        11G     0.3867     0.4522    0.08212         22       1280: 21% ━━╸───────── 16/76 15.2s/it 4:33<15:11[K      10/50        11G      0.394      0.446    0.08225         24       1280: 22% ━━╸───────── 17/76 14.4s/it 4:46<14:08[K      10/50        11G     0.4033     0.4489    0.08648         22       1280: 23% ━━╸───────── 18/76 14.9s/it 5:02<14:24[K      10/50        11G     0.4011     0.4448    0.08692         19       1280: 25% ━━━───────── 19/76 15.1s/it 5:17<14:19[K      10/50        11G     0.4154     0.4813    0.08523          2       1280: 26% ━━━───────── 20/76 14.6s/it 5:31<13:35[K      10/50        11G     0.4101     0.4706    0.08516         18       1280: 27% ━━━───────── 21/76 14.8s/it 5:46<13:35[K      10/50        11G      0.404     0.4696    0.08351         13       1280: 28% ━━━───────── 22/76 15.3s/it 6:03<13:46[K      10/50        11G     0.4059     0.4664    0.08336         35       1280: 30% ━━━╸──────── 23/76 15.1s/it 6:18<13:20[K      10/50        11G     0.4035     0.4632    0.08273         14       1280: 31% ━━━╸──────── 24/76 15.0s/it 6:32<13:01[K      10/50        11G     0.4063     0.4593    0.08329         14       1280: 32% ━━━╸──────── 25/76 14.9s/it 6:47<12:41[K      10/50        11G     0.4155     0.4543    0.08572         40       1280: 34% ━━━━──────── 26/76 15.4s/it 7:04<12:49[K      10/50        11G     0.4076     0.4481    0.08378         23       1280: 35% ━━━━──────── 27/76 15.0s/it 7:18<12:16[K      10/50        11G     0.4046     0.4462    0.08352         20       1280: 36% ━━━━──────── 28/76 15.4s/it 7:34<12:20[K      10/50        11G     0.4021     0.4448    0.08265         22       1280: 38% ━━━━╸─────── 29/76 16.1s/it 7:52<12:36[K      10/50        11G     0.4057     0.4448    0.08238         19       1280: 39% ━━━━╸─────── 30/76 15.8s/it 8:08<12:08[K      10/50        11G      0.401     0.4455    0.08251         13       1280: 40% ━━━━╸─────── 31/76 15.6s/it 8:23<11:40[K      10/50        11G     0.4122     0.4488    0.08395         27       1280: 42% ━━━━━─────── 32/76 15.9s/it 8:39<11:41[K      10/50        11G     0.4126     0.4491    0.08429         18       1280: 43% ━━━━━─────── 33/76 16.0s/it 8:56<11:28[K      10/50        11G     0.4122     0.4473    0.08373         16       1280: 44% ━━━━━─────── 34/76 15.7s/it 9:11<10:58[K      10/50        11G     0.4107     0.4428    0.08374         17       1280: 46% ━━━━━╸────── 35/76 15.3s/it 9:25<10:27[K      10/50        11G     0.4064     0.4422    0.08246         16       1280: 47% ━━━━━╸────── 36/76 15.4s/it 9:41<10:16[K      10/50        11G     0.4032     0.4383     0.0811          8       1280: 48% ━━━━━╸────── 37/76 15.9s/it 9:58<10:18[K      10/50        11G     0.4086     0.4405    0.08172         26       1280: 50% ━━━━━━────── 38/76 15.4s/it 10:12<9:45[K      10/50        11G     0.4072     0.4405    0.08268         15       1280: 51% ━━━━━━────── 39/76 15.7s/it 10:28<9:39[K      10/50        11G     0.4056      0.441    0.08198         18       1280: 52% ━━━━━━────── 40/76 16.0s/it 10:45<9:37[K      10/50        11G     0.4033     0.4409    0.08113          8       1280: 53% ━━━━━━────── 41/76 15.8s/it 11:01<9:15[K      10/50        11G     0.3996     0.4385     0.0798         15       1280: 55% ━━━━━━╸───── 42/76 16.5s/it 11:19<9:21[K      10/50        11G     0.3944     0.4432    0.07867          9       1280: 56% ━━━━━━╸───── 43/76 16.5s/it 11:36<9:04[K      10/50        11G     0.3908     0.4406    0.07804         13       1280: 57% ━━━━━━╸───── 44/76 15.7s/it 11:50<8:23[K      10/50        11G     0.3944      0.442    0.07828         13       1280: 59% ━━━━━━━───── 45/76 15.6s/it 12:05<8:04[K      10/50        11G     0.3935     0.4381    0.07836         28       1280: 60% ━━━━━━━───── 46/76 15.7s/it 12:21<7:52[K      10/50        11G     0.3962     0.4367     0.0787         17       1280: 61% ━━━━━━━───── 47/76 15.8s/it 12:37<7:37[K      10/50        11G     0.3969     0.4362    0.07861         20       1280: 63% ━━━━━━━╸──── 48/76 15.5s/it 12:52<7:14[K      10/50        11G     0.3966     0.4353    0.07802         24       1280: 64% ━━━━━━━╸──── 49/76 15.7s/it 13:08<7:05[K      10/50        11G     0.3953     0.4395    0.07732         10       1280: 65% ━━━━━━━╸──── 50/76 15.6s/it 13:23<6:46[K      10/50        11G     0.3959     0.4403    0.07683         21       1280: 67% ━━━━━━━━──── 51/76 15.1s/it 13:38<6:18[K      10/50        11G     0.3935     0.4383    0.07617         15       1280: 68% ━━━━━━━━──── 52/76 14.9s/it 13:52<5:58[K      10/50        11G      0.391     0.4379     0.0756         16       1280: 69% ━━━━━━━━──── 53/76 15.0s/it 14:07<5:46[K      10/50        11G     0.3889     0.4382    0.07527         25       1280: 71% ━━━━━━━━╸─── 54/76 15.4s/it 14:24<5:38[K      10/50        11G      0.389     0.4385    0.07504         46       1280: 72% ━━━━━━━━╸─── 55/76 16.2s/it 14:42<5:39[K      10/50        11G     0.3855     0.4365    0.07464         13       1280: 73% ━━━━━━━━╸─── 56/76 14.9s/it 14:55<4:59[K      10/50        11G     0.3875     0.4353    0.07465         36       1280: 75% ━━━━━━━━━─── 57/76 15.9s/it 15:13<5:01[K      10/50        11G     0.3879     0.4346    0.07508         19       1280: 76% ━━━━━━━━━─── 58/76 16.6s/it 15:32<4:59[K      10/50        11G     0.3901     0.4341     0.0757         27       1280: 77% ━━━━━━━━━─── 59/76 16.4s/it 15:48<4:38[K      10/50        11G     0.3859     0.4319    0.07477         17       1280: 78% ━━━━━━━━━─── 60/76 16.7s/it 16:05<4:27[K      10/50        11G     0.3868     0.4334    0.07531         23       1280: 80% ━━━━━━━━━╸── 61/76 17.0s/it 16:23<4:15[K      10/50        11G     0.3863     0.4321    0.07497         28       1280: 81% ━━━━━━━━━╸── 62/76 16.7s/it 16:39<3:54[K      10/50        11G     0.3897     0.4319    0.07609         14       1280: 82% ━━━━━━━━━╸── 63/76 16.0s/it 16:54<3:29[K      10/50        11G     0.3891     0.4319    0.07586         14       1280: 84% ━━━━━━━━━━── 64/76 16.9s/it 17:13<3:23[K      10/50        11G     0.3871     0.4315     0.0756         13       1280: 85% ━━━━━━━━━━── 65/76 16.5s/it 17:29<3:01[K      10/50        11G     0.3877     0.4311    0.07502         15       1280: 86% ━━━━━━━━━━── 66/76 16.1s/it 17:44<2:41[K      10/50        11G     0.3882     0.4312    0.07487         30       1280: 88% ━━━━━━━━━━╸─ 67/76 16.3s/it 18:01<2:27[K      10/50        11G     0.3877     0.4307    0.07459         31       1280: 89% ━━━━━━━━━━╸─ 68/76 16.0s/it 18:16<2:08[K      10/50        11G     0.3862     0.4312    0.07447         24       1280: 90% ━━━━━━━━━━╸─ 69/76 16.4s/it 18:34<1:55[K      10/50        11G     0.3892      0.432    0.07528         12       1280: 92% ━━━━━━━━━━━─ 70/76 16.4s/it 18:50<1:39[K      10/50        11G     0.3892      0.432    0.07528         12       1280: 93% ━━━━━━━━━━━─ 71/76 2.7s/it 18:51<13.6s[K      10/50        11G     0.3892      0.432    0.07573         32       1280: 93% ━━━━━━━━━━━─ 71/76 3.9s/it 19:07<19.4s[K      10/50        11G      0.388     0.4377    0.07522         11       1280: 94% ━━━━━━━━━━━─ 72/76 5.0s/it 19:23<20.1s[K      10/50        11G     0.3875      0.436    0.07501         20       1280: 96% ━━━━━━━━━━━╸ 73/76 6.3s/it 19:39<18.9s[K      10/50        11G      0.385     0.4358    0.07442         25       1280: 97% ━━━━━━━━━━━╸ 74/76 7.7s/it 19:55<15.4s[K      10/50        11G     0.3866     0.4373    0.07461         11       1280: 98% ━━━━━━━━━━━╸ 75/76 7.8s/it 20:03<7.8s[K      10/50        11G     0.3866     0.4373    0.07461         11       1280: 100% ━━━━━━━━━━━━ 76/76 15.8s/it 20:03
[K                 Class     Images  Instances      Box(P          R      mAP50  mAP50-95): 14% ━╸────────── 1/7 1.0s/it 0.3s<6.3s[K                 Class     Images  Instances      Box(P          R      mAP50  mAP50-95): 28% ━━━───────── 2/7 1.7it/s 0.6s<2.9s[K                 Class     Images  Instances      Box(P          R      mAP50  mAP50-95): 42% ━━━━━─────── 3/7 2.3it/s 0.9s<1.8s[K                 Class     Images  Instances      Box(P          R      mAP50  mAP50-95): 57% ━━━━━━╸───── 4/7 2.7it/s 1.2s<1.1s[K                 Class     Images  Instances      Box(P          R      mAP50  mAP50-95): 71% ━━━━━━━━╸─── 5/7 3.0it/s 1.4s<0.7s[K                 Class     Images  Instances      Box(P          R      mAP50  mAP50-95): 85% ━━━━━━━━━━── 6/7 3.1it/s 1.7s<0.3s[K                 Class     Images  Instances      Box(P          R      mAP50  mAP50-95): 100% ━━━━━━━━━━━━ 7/7 3.8it/s 1.8s
                   all         49         62      0.888      0.491      0.539      0.388

      Epoch    GPU_mem  giou_loss   cls_loss    l1_loss  Instances       Size
/home/aliikched/stage/Compost_Waste_Yolo/compost-yolo/venv/lib/python3.12/site-packages/torch/autograd/graph.py:882: UserWarning: grid_sampler_2d_backward_cuda does not have a deterministic implementation, but you set 'torch.use_deterministic_algorithms(True, warn_only=True)'. You can file an issue at https://github.com/pytorch/pytorch/issues to help us prioritize adding deterministic support for this operation. (Triggered internally at /pytorch/aten/src/ATen/Context.cpp:160.)
  return Variable._execution_engine.run_backward(  # Calls into the C++ engine to run the backward pass
[K      11/50        11G     0.6707     0.6305     0.1144         14       1280: 0% ──────────── 0/76  14.4s[K      11/50        11G     0.4664      0.587    0.07366         19       1280: 1% ──────────── 1/76 59.3s/it 32.2s<1:14:09[K      11/50        11G     0.4765     0.5418     0.0744         22       1280: 2% ──────────── 2/76 29.5s/it 45.8s<36:19[K      11/50        11G     0.4353     0.5108    0.07258         21       1280: 3% ──────────── 3/76 23.4s/it 1:02<28:27[K      11/50        11G     0.4292     0.5079    0.08621         25       1280: 5% ╸─────────── 4/76 20.8s/it 1:18<25:01[K      11/50        11G      0.389     0.4878    0.07706         15       1280: 6% ╸─────────── 5/76 18.7s/it 1:33<22:10[K      11/50        11G     0.3767     0.4817    0.07389         13       1280: 7% ╸─────────── 6/76 17.3s/it 1:48<20:08[K      11/50        11G     0.3923     0.5136    0.07309         30       1280: 9% ━─────────── 7/76 16.9s/it 2:04<19:24[K      11/50        11G     0.3928     0.5094     0.0731         22       1280: 10% ━─────────── 8/76 16.1s/it 2:18<18:14[K      11/50        11G     0.4137     0.4991     0.0772         11       1280: 11% ━─────────── 9/76 16.2s/it 2:35<18:04[K      11/50        11G     0.4356     0.4978    0.08085         18       1280: 13% ━╸────────── 10/76 16.4s/it 2:52<18:01[K      11/50        11G     0.4404     0.4877    0.08457          9       1280: 14% ━╸────────── 11/76 15.7s/it 3:06<17:01[K      11/50        11G     0.4487     0.4747    0.08829         25       1280: 15% ━╸────────── 12/76 15.5s/it 3:21<16:35[K      11/50        11G      0.451     0.4768    0.08963         35       1280: 17% ━━────────── 13/76 16.2s/it 3:39<16:58[K      11/50        11G       0.44     0.4802    0.08689         24       1280: 18% ━━────────── 14/76 15.6s/it 3:53<16:05[K      11/50        11G     0.4325     0.4714    0.08604         22       1280: 19% ━━────────── 15/76 15.3s/it 4:08<15:34[K      11/50        11G     0.4424     0.4679    0.08749         24       1280: 21% ━━╸───────── 16/76 15.7s/it 4:25<15:42[K      11/50        11G       0.44     0.4635     0.0901         17       1280: 22% ━━╸───────── 17/76 15.4s/it 4:40<15:09[K      11/50        11G     0.4387     0.4725    0.09195         12       1280: 23% ━━╸───────── 18/76 15.0s/it 4:54<14:28[K      11/50        11G     0.4285     0.4741    0.09024         14       1280: 25% ━━━───────── 19/76 14.9s/it 5:08<14:11[K      11/50        11G     0.4174     0.4776    0.08771         14       1280: 26% ━━━───────── 20/76 14.1s/it 5:21<13:11[K      11/50        11G     0.4107     0.4782    0.08542          8       1280: 27% ━━━───────── 21/76 14.1s/it 5:35<12:57[K      11/50        11G     0.4125     0.4794     0.0906         20       1280: 28% ━━━───────── 22/76 14.4s/it 5:50<12:58[K      11/50        11G     0.4034     0.4719    0.08876         19       1280: 30% ━━━╸──────── 23/76 14.6s/it 6:05<12:51[K      11/50        11G     0.4075     0.4693    0.08841         20       1280: 31% ━━━╸──────── 24/76 14.7s/it 6:20<12:44[K      11/50        11G     0.4173     0.4668    0.09543         14       1280: 32% ━━━╸──────── 25/76 15.0s/it 6:36<12:46[K      11/50        11G     0.4181     0.4691    0.09459         18       1280: 34% ━━━━──────── 26/76 15.4s/it 6:52<12:50[K      11/50        11G     0.4155     0.4699    0.09655         15       1280: 35% ━━━━──────── 27/76 15.6s/it 7:09<12:47[K      11/50        11G     0.4194     0.4682    0.09601         18       1280: 36% ━━━━──────── 28/76 15.0s/it 7:22<11:58[K      11/50        11G     0.4197     0.4695    0.09498         28       1280: 38% ━━━━╸─────── 29/76 15.6s/it 7:40<12:14[K      11/50        11G     0.4231     0.4688    0.09575         20       1280: 39% ━━━━╸─────── 30/76 15.9s/it 7:56<12:09[K      11/50        11G     0.4226     0.4701    0.09479         32       1280: 40% ━━━━╸─────── 31/76 16.1s/it 8:13<12:05[K      11/50        11G      0.419     0.4716    0.09414         19       1280: 42% ━━━━━─────── 32/76 15.6s/it 8:27<11:28[K      11/50        11G     0.4161     0.4664    0.09238         29       1280: 43% ━━━━━─────── 33/76 16.0s/it 8:44<11:29[K      11/50        11G     0.4168     0.4687    0.09264         29       1280: 44% ━━━━━─────── 34/76 16.1s/it 9:01<11:17[K      11/50        11G     0.4168     0.4674    0.09155         25       1280: 46% ━━━━━╸────── 35/76 15.9s/it 9:16<10:51[K      11/50        11G     0.4138     0.4628    0.09005         21       1280: 47% ━━━━━╸────── 36/76 15.3s/it 9:30<10:13[K      11/50        11G     0.4119     0.4604    0.08884         23       1280: 48% ━━━━━╸────── 37/76 15.5s/it 9:46<10:03[K      11/50        11G     0.4042     0.4545    0.08771         15       1280: 50% ━━━━━━────── 38/76 15.7s/it 10:02<9:58[K      11/50        11G     0.4026     0.4542    0.08706         20       1280: 51% ━━━━━━────── 39/76 15.2s/it 10:17<9:24[K      11/50        11G     0.4024     0.4569     0.0871         26       1280: 52% ━━━━━━────── 40/76 15.6s/it 10:33<9:20[K      11/50        11G     0.4017      0.469    0.08602         15       1280: 53% ━━━━━━────── 41/76 15.4s/it 10:48<8:60[K      11/50        11G     0.4012     0.4681    0.08537         12       1280: 55% ━━━━━━╸───── 42/76 15.6s/it 11:04<8:49[K      11/50        11G     0.3983     0.4664    0.08443         26       1280: 56% ━━━━━━╸───── 43/76 15.4s/it 11:19<8:29[K      11/50        11G      0.397     0.4635    0.08477         16       1280: 57% ━━━━━━╸───── 44/76 15.3s/it 11:34<8:09[K      11/50        11G     0.3937     0.4644    0.08382         11       1280: 59% ━━━━━━━───── 45/76 15.5s/it 11:50<7:59[K      11/50        11G     0.3898     0.4603    0.08289         15       1280: 60% ━━━━━━━───── 46/76 15.8s/it 12:07<7:55[K      11/50        11G     0.3895     0.4607    0.08205         25       1280: 61% ━━━━━━━───── 47/76 15.8s/it 12:22<7:37[K      11/50        11G     0.3937     0.4603    0.08223         15       1280: 63% ━━━━━━━╸──── 48/76 14.7s/it 12:35<6:51[K      11/50        11G     0.3918     0.4613    0.08204          7       1280: 64% ━━━━━━━╸──── 49/76 14.4s/it 12:49<6:29[K      11/50        11G     0.3923     0.4604    0.08191         16       1280: 65% ━━━━━━━╸──── 50/76 14.1s/it 13:02<6:06[K      11/50        11G     0.3936     0.4609    0.08197         21       1280: 67% ━━━━━━━━──── 51/76 14.8s/it 13:19<6:09[K      11/50        11G     0.3932     0.4644    0.08124         13       1280: 68% ━━━━━━━━──── 52/76 15.2s/it 13:35<6:04[K      11/50        11G     0.3895     0.4629    0.08075         18       1280: 69% ━━━━━━━━──── 53/76 15.3s/it 13:51<5:51[K      11/50        11G     0.3908     0.4605    0.08169         14       1280: 71% ━━━━━━━━╸─── 54/76 15.5s/it 14:07<5:41[K      11/50        11G     0.3968     0.4612    0.08234         21       1280: 72% ━━━━━━━━╸─── 55/76 16.4s/it 14:25<5:43[K      11/50        11G     0.3973     0.4605    0.08189         31       1280: 73% ━━━━━━━━╸─── 56/76 15.8s/it 14:40<5:17[K      11/50        11G     0.3985     0.4621    0.08183         21       1280: 75% ━━━━━━━━━─── 57/76 16.5s/it 14:59<5:14[K      11/50        11G     0.3957     0.4603    0.08095         11       1280: 76% ━━━━━━━━━─── 58/76 16.4s/it 15:15<4:56[K      11/50        11G     0.3971     0.4605    0.08085         26       1280: 77% ━━━━━━━━━─── 59/76 16.1s/it 15:30<4:34[K      11/50        11G     0.3969     0.4596    0.08101         16       1280: 78% ━━━━━━━━━─── 60/76 15.9s/it 15:46<4:15[K      11/50        11G        0.4     0.4605    0.08215         19       1280: 80% ━━━━━━━━━╸── 61/76 15.9s/it 16:01<3:58[K      11/50        11G     0.3998     0.4608    0.08192         20       1280: 81% ━━━━━━━━━╸── 62/76 16.6s/it 16:20<3:52[K      11/50        11G     0.4015     0.4603    0.08285         23       1280: 82% ━━━━━━━━━╸── 63/76 15.8s/it 16:34<3:25[K      11/50        11G     0.4029     0.4605    0.08281         32       1280: 84% ━━━━━━━━━━── 64/76 15.3s/it 16:48<3:04[K      11/50        11G     0.3991     0.4603     0.0823         12       1280: 85% ━━━━━━━━━━── 65/76 15.6s/it 17:05<2:52[K      11/50        11G     0.3971     0.4604    0.08161         12       1280: 86% ━━━━━━━━━━── 66/76 14.5s/it 17:17<2:25[K      11/50        11G     0.3938     0.4587    0.08081         11       1280: 88% ━━━━━━━━━━╸─ 67/76 14.7s/it 17:32<2:12[K      11/50        11G     0.3915     0.4576    0.08024         17       1280: 89% ━━━━━━━━━━╸─ 68/76 14.4s/it 17:46<1:55[K      11/50        11G     0.3884     0.4569    0.07966         13       1280: 90% ━━━━━━━━━━╸─ 69/76 14.7s/it 18:01<1:43[K      11/50        11G     0.3892     0.4572    0.07918         17       1280: 92% ━━━━━━━━━━━─ 70/76 15.6s/it 18:20<1:33[K      11/50        11G     0.3893     0.4573    0.08128         11       1280: 93% ━━━━━━━━━━━─ 71/76 15.1s/it 18:34<1:16[K      11/50        11G     0.3901     0.4606    0.08079         15       1280: 94% ━━━━━━━━━━━─ 72/76 15.3s/it 18:50<1:01[K      11/50        11G      0.388     0.4616    0.08038         17       1280: 96% ━━━━━━━━━━━╸ 73/76 15.4s/it 19:05<46.3s[K      11/50        11G     0.3874     0.4604    0.08032         24       1280: 97% ━━━━━━━━━━━╸ 74/76 15.0s/it 19:20<30.1s[K      11/50        11G     0.3846     0.4584    0.07973         12       1280: 98% ━━━━━━━━━━━╸ 75/76 11.2s/it 19:27<11.2s[K      11/50        11G     0.3846     0.4584    0.07973         12       1280: 100% ━━━━━━━━━━━━ 76/76 15.3s/it 19:27
[K                 Class     Images  Instances      Box(P          R      mAP50  mAP50-95): 14% ━╸────────── 1/7 3.0s/it 0.9s<17.9s[K                 Class     Images  Instances      Box(P          R      mAP50  mAP50-95): 28% ━━━───────── 2/7 1.8s/it 1.8s<9.1s[K                 Class     Images  Instances      Box(P          R      mAP50  mAP50-95): 42% ━━━━━─────── 3/7 1.7s/it 3.2s<6.7s[K                 Class     Images  Instances      Box(P          R      mAP50  mAP50-95): 57% ━━━━━━╸───── 4/7 1.6s/it 4.6s<4.7s[K                 Class     Images  Instances      Box(P          R      mAP50  mAP50-95): 71% ━━━━━━━━╸─── 5/7 1.2s/it 5.4s<2.3s[K                 Class     Images  Instances      Box(P          R      mAP50  mAP50-95): 85% ━━━━━━━━━━── 6/7 2.4it/s 5.5s<0.4s[K                 Class     Images  Instances      Box(P          R      mAP50  mAP50-95): 100% ━━━━━━━━━━━━ 7/7 1.3it/s 5.6s
                   all         49         62      0.937      0.471      0.531      0.382

      Epoch    GPU_mem  giou_loss   cls_loss    l1_loss  Instances       Size
/home/aliikched/stage/Compost_Waste_Yolo/compost-yolo/venv/lib/python3.12/site-packages/torch/autograd/graph.py:882: UserWarning: grid_sampler_2d_backward_cuda does not have a deterministic implementation, but you set 'torch.use_deterministic_algorithms(True, warn_only=True)'. You can file an issue at https://github.com/pytorch/pytorch/issues to help us prioritize adding deterministic support for this operation. (Triggered internally at /pytorch/aten/src/ATen/Context.cpp:160.)
  return Variable._execution_engine.run_backward(  # Calls into the C++ engine to run the backward pass
[K      12/50        11G     0.2266     0.3705    0.04159         10       1280: 0% ──────────── 0/76  13.4s[K      12/50        11G     0.2811     0.4403    0.05261          9       1280: 1% ──────────── 1/76 59.6s/it 31.3s<1:14:29[K      12/50        11G     0.3635     0.4355    0.06649         17       1280: 2% ──────────── 2/76 30.6s/it 45.6s<37:45[K      12/50        11G     0.3675      0.411    0.06915         19       1280: 3% ──────────── 3/76 24.2s/it 1:02<29:24[K      12/50        11G     0.3681     0.4072    0.06711         11       1280: 5% ╸─────────── 4/76 20.2s/it 1:16<24:13[K      12/50        11G     0.3988     0.3862    0.07732         18       1280: 6% ╸─────────── 5/76 18.2s/it 1:31<21:34[K      12/50        11G     0.4041     0.3879    0.08726         10       1280: 7% ╸─────────── 6/76 17.3s/it 1:47<20:12[K      12/50        11G     0.4493     0.3921    0.09434         18       1280: 9% ━─────────── 7/76 16.6s/it 2:02<19:07[K      12/50        11G     0.4393      0.406    0.09157         22       1280: 10% ━─────────── 8/76 15.6s/it 2:16<17:42[K      12/50        11G     0.4434     0.4148    0.09274         26       1280: 11% ━─────────── 9/76 16.1s/it 2:33<18:01[K      12/50        11G     0.4368     0.4337    0.08973         17       1280: 13% ━╸────────── 10/76 15.5s/it 2:47<17:02[K      12/50        11G     0.4403     0.4333    0.08784         29       1280: 14% ━╸────────── 11/76 14.8s/it 3:01<16:02[K      12/50        11G     0.4497     0.4506    0.08902         12       1280: 15% ━╸────────── 12/76 15.4s/it 3:18<16:25[K      12/50        11G      0.442     0.4447    0.08694         29       1280: 17% ━━────────── 13/76 15.7s/it 3:34<16:29[K      12/50        11G     0.4441     0.4435    0.08798         15       1280: 18% ━━────────── 14/76 15.1s/it 3:48<15:36[K      12/50        11G      0.431     0.4379    0.08506         24       1280: 19% ━━────────── 15/76 14.9s/it 4:03<15:11[K      12/50        11G     0.4229     0.4412    0.08345         12       1280: 21% ━━╸───────── 16/76 15.1s/it 4:18<15:05[K      12/50        11G     0.4177     0.4413    0.08209         15       1280: 22% ━━╸───────── 17/76 15.7s/it 4:35<15:26[K      12/50        11G     0.4163     0.4346      0.082         19       1280: 23% ━━╸───────── 18/76 15.8s/it 4:52<15:18[K      12/50        11G     0.4088     0.4275    0.08061         34       1280: 25% ━━━───────── 19/76 15.6s/it 5:07<14:51[K      12/50        11G      0.402     0.4235    0.07899         10       1280: 26% ━━━───────── 20/76 14.8s/it 5:20<13:48[K      12/50        11G     0.4005     0.4296    0.07717         14       1280: 27% ━━━───────── 21/76 14.9s/it 5:35<13:39[K      12/50        11G     0.3935     0.4331    0.07626         10       1280: 28% ━━━───────── 22/76 14.7s/it 5:49<13:14[K      12/50        11G     0.3905     0.4334      0.075         18       1280: 30% ━━━╸──────── 23/76 14.8s/it 6:04<13:06[K      12/50        11G     0.3901     0.4264    0.07598         11       1280: 31% ━━━╸──────── 24/76 14.8s/it 6:19<12:48[K      12/50        11G     0.3874     0.4221    0.07494         26       1280: 32% ━━━╸──────── 25/76 13.6s/it 6:31<11:36[K      12/50        11G      0.386      0.423    0.07475         19       1280: 34% ━━━━──────── 26/76 14.0s/it 6:46<11:42[K      12/50        11G     0.3833     0.4244    0.07395         30       1280: 35% ━━━━──────── 27/76 14.8s/it 7:03<12:07[K      12/50        11G     0.3779     0.4254    0.07285         13       1280: 36% ━━━━──────── 28/76 14.0s/it 7:15<11:12[K      12/50        11G     0.3718     0.4225    0.07212         19       1280: 38% ━━━━╸─────── 29/76 13.4s/it 7:27<10:30[K      12/50        11G     0.3706     0.4227     0.0729         13       1280: 39% ━━━━╸─────── 30/76 14.3s/it 7:45<10:60[K      12/50        11G     0.3661     0.4179    0.07205         14       1280: 40% ━━━━╸─────── 31/76 14.8s/it 8:00<11:04[K      12/50        11G     0.3609     0.4178    0.07088         18       1280: 42% ━━━━━─────── 32/76 13.7s/it 8:12<10:03[K      12/50        11G     0.3619     0.4212    0.07122         18       1280: 43% ━━━━━─────── 33/76 14.0s/it 8:27<9:60[K      12/50        11G     0.3601     0.4246    0.07015         13       1280: 44% ━━━━━─────── 34/76 14.6s/it 8:43<10:12[K      12/50        11G     0.3615      0.425    0.07118         25       1280: 46% ━━━━━╸────── 35/76 14.7s/it 8:58<10:04[K      12/50        11G      0.358     0.4227    0.07037         28       1280: 47% ━━━━━╸────── 36/76 14.2s/it 9:11<9:28[K      12/50        11G     0.3555     0.4265    0.06969         14       1280: 48% ━━━━━╸────── 37/76 14.7s/it 9:27<9:32[K      12/50        11G     0.3582     0.4263    0.07016         22       1280: 50% ━━━━━━────── 38/76 14.4s/it 9:41<9:07[K      12/50        11G     0.3561      0.424    0.06957          8       1280: 51% ━━━━━━────── 39/76 14.0s/it 9:54<8:40[K      12/50        11G     0.3544     0.4215    0.07129         21       1280: 52% ━━━━━━────── 40/76 13.8s/it 10:07<8:15[K      12/50        11G     0.3528     0.4237    0.07038          7       1280: 53% ━━━━━━────── 41/76 14.6s/it 10:24<8:30[K      12/50        11G     0.3547     0.4239    0.07098         23       1280: 55% ━━━━━━╸───── 42/76 13.6s/it 10:36<7:43[K      12/50        11G     0.3514     0.4217     0.0701         23       1280: 56% ━━━━━━╸───── 43/76 13.6s/it 10:49<7:29[K      12/50        11G      0.359     0.4235    0.07146         28       1280: 57% ━━━━━━╸───── 44/76 14.4s/it 11:06<7:41[K      12/50        11G     0.3643     0.4224    0.07197         23       1280: 59% ━━━━━━━───── 45/76 14.9s/it 11:22<7:42[K      12/50        11G     0.3674     0.4246    0.07225         22       1280: 60% ━━━━━━━───── 46/76 14.4s/it 11:36<7:11[K      12/50        11G     0.3706     0.4259    0.07284         20       1280: 61% ━━━━━━━───── 47/76 14.7s/it 11:51<7:05[K      12/50        11G     0.3729      0.427    0.07393         25       1280: 63% ━━━━━━━╸──── 48/76 14.9s/it 12:07<6:58[K      12/50        11G     0.3727      0.429    0.07348         33       1280: 64% ━━━━━━━╸──── 49/76 14.9s/it 12:21<6:42[K      12/50        11G     0.3747     0.4282    0.07404         11       1280: 65% ━━━━━━━╸──── 50/76 14.6s/it 12:36<6:21[K      12/50        11G     0.3756     0.4275    0.07421         26       1280: 67% ━━━━━━━━──── 51/76 15.2s/it 12:52<6:19[K      12/50        11G      0.378     0.4261    0.07507         17       1280: 68% ━━━━━━━━──── 52/76 15.3s/it 13:08<6:08[K      12/50        11G     0.3773     0.4265    0.07513         22       1280: 69% ━━━━━━━━──── 53/76 14.8s/it 13:22<5:40[K      12/50        11G      0.375     0.4251     0.0746         26       1280: 71% ━━━━━━━━╸─── 54/76 15.3s/it 13:38<5:37[K      12/50        11G     0.3777     0.4285    0.07431         29       1280: 72% ━━━━━━━━╸─── 55/76 15.2s/it 13:53<5:19[K      12/50        11G     0.3766     0.4271    0.07532         15       1280: 73% ━━━━━━━━╸─── 56/76 15.6s/it 14:10<5:13[K      12/50        11G     0.3759       0.43    0.07522         31       1280: 75% ━━━━━━━━━─── 57/76 14.9s/it 14:23<4:42[K      12/50        11G      0.374     0.4313    0.07477         16       1280: 76% ━━━━━━━━━─── 58/76 15.2s/it 14:39<4:34[K      12/50        11G     0.3732      0.432     0.0744         16       1280: 77% ━━━━━━━━━─── 59/76 15.4s/it 14:55<4:22[K      12/50        11G     0.3729     0.4315     0.0745         17       1280: 78% ━━━━━━━━━─── 60/76 15.9s/it 15:12<4:14[K      12/50        11G     0.3749     0.4327    0.07458         27       1280: 80% ━━━━━━━━━╸── 61/76 14.4s/it 15:24<3:35[K      12/50        11G     0.3773     0.4318    0.07494         30       1280: 81% ━━━━━━━━━╸── 62/76 15.5s/it 15:43<3:36[K      12/50        11G     0.3767     0.4339    0.07444         26       1280: 82% ━━━━━━━━━╸── 63/76 15.5s/it 15:59<3:22[K      12/50        11G     0.3747     0.4341    0.07418         32       1280: 84% ━━━━━━━━━━── 64/76 15.3s/it 16:13<3:04[K      12/50        11G     0.3741     0.4332    0.07407         27       1280: 85% ━━━━━━━━━━── 65/76 14.5s/it 16:26<2:40[K      12/50        11G     0.3732     0.4323    0.07373         39       1280: 86% ━━━━━━━━━━── 66/76 15.4s/it 16:44<2:34[K      12/50        11G     0.3732     0.4315    0.07398         30       1280: 88% ━━━━━━━━━━╸─ 67/76 14.9s/it 16:58<2:14[K      12/50        11G     0.3748     0.4331    0.07388         21       1280: 89% ━━━━━━━━━━╸─ 68/76 14.8s/it 17:13<1:59[K      12/50        11G     0.3747     0.4342    0.07347         19       1280: 90% ━━━━━━━━━━╸─ 69/76 14.9s/it 17:28<1:44[K      12/50        11G     0.3724     0.4334    0.07314         23       1280: 92% ━━━━━━━━━━━─ 70/76 14.9s/it 17:43<1:30[K      12/50        11G     0.3713     0.4333    0.07308         27       1280: 93% ━━━━━━━━━━━─ 71/76 15.1s/it 17:58<1:15[K      12/50        11G      0.372      0.434    0.07304         11       1280: 94% ━━━━━━━━━━━─ 72/76 15.4s/it 18:15<1:02[K      12/50        11G     0.3757     0.4336    0.07392         32       1280: 96% ━━━━━━━━━━━╸ 73/76 14.9s/it 18:28<44.7s[K      12/50        11G     0.3747     0.4338    0.07375         23       1280: 97% ━━━━━━━━━━━╸ 74/76 14.2s/it 18:41<28.4s[K      12/50        11G     0.3739     0.4343     0.0733          9       1280: 98% ━━━━━━━━━━━╸ 75/76 11.0s/it 18:48<11.0s[K      12/50        11G     0.3739     0.4343     0.0733          9       1280: 100% ━━━━━━━━━━━━ 76/76 14.8s/it 18:48
[K                 Class     Images  Instances      Box(P          R      mAP50  mAP50-95): 14% ━╸────────── 1/7 1.0it/s 0.3s<5.8s[K                 Class     Images  Instances      Box(P          R      mAP50  mAP50-95): 28% ━━━───────── 2/7 1.8it/s 0.6s<2.7s[K                 Class     Images  Instances      Box(P          R      mAP50  mAP50-95): 42% ━━━━━─────── 3/7 2.4it/s 0.8s<1.7s[K                 Class     Images  Instances      Box(P          R      mAP50  mAP50-95): 57% ━━━━━━╸───── 4/7 2.8it/s 1.1s<1.1s[K                 Class     Images  Instances      Box(P          R      mAP50  mAP50-95): 71% ━━━━━━━━╸─── 5/7 3.1it/s 1.4s<0.6s[K                 Class     Images  Instances      Box(P          R      mAP50  mAP50-95): 85% ━━━━━━━━━━── 6/7 3.2it/s 1.6s<0.3s[K                 Class     Images  Instances      Box(P          R      mAP50  mAP50-95): 100% ━━━━━━━━━━━━ 7/7 4.0it/s 1.8s
                   all         49         62      0.915      0.459       0.53      0.376

      Epoch    GPU_mem  giou_loss   cls_loss    l1_loss  Instances       Size
/home/aliikched/stage/Compost_Waste_Yolo/compost-yolo/venv/lib/python3.12/site-packages/torch/autograd/graph.py:882: UserWarning: grid_sampler_2d_backward_cuda does not have a deterministic implementation, but you set 'torch.use_deterministic_algorithms(True, warn_only=True)'. You can file an issue at https://github.com/pytorch/pytorch/issues to help us prioritize adding deterministic support for this operation. (Triggered internally at /pytorch/aten/src/ATen/Context.cpp:160.)
  return Variable._execution_engine.run_backward(  # Calls into the C++ engine to run the backward pass
[K      13/50        11G     0.2924     0.4126    0.04156         27       1280: 0% ──────────── 0/76  14.0s[K      13/50        11G     0.3321     0.4098    0.05586         24       1280: 1% ──────────── 1/76 60.6s/it 32.1s<1:15:42[K      13/50        11G     0.3895      0.414    0.08073         14       1280: 2% ──────────── 2/76 28.9s/it 45.2s<35:42[K      13/50        11G     0.4148     0.3927    0.08079         28       1280: 3% ──────────── 3/76 22.3s/it 59.7s<27:06[K      13/50        11G     0.3889     0.3917    0.07405         34       1280: 5% ╸─────────── 4/76 19.8s/it 1:15<23:44[K      13/50        11G     0.3708     0.3895    0.07089         24       1280: 6% ╸─────────── 5/76 18.2s/it 1:31<21:33[K      13/50        11G     0.3504     0.3839    0.06563         18       1280: 7% ╸─────────── 6/76 17.3s/it 1:46<20:12[K      13/50        11G     0.3466     0.3813    0.06469         21       1280: 9% ━─────────── 7/76 16.8s/it 2:02<19:22[K      13/50        11G     0.3521     0.3718    0.06663         14       1280: 10% ━─────────── 8/76 16.5s/it 2:18<18:43[K      13/50        11G     0.3676     0.3719    0.06859         26       1280: 11% ━─────────── 9/76 15.9s/it 2:33<17:48[K      13/50        11G     0.3714     0.3866    0.06685         21       1280: 13% ━╸────────── 10/76 16.0s/it 2:49<17:35[K      13/50        11G      0.382     0.3809    0.06716         26       1280: 14% ━╸────────── 11/76 15.9s/it 3:05<17:16[K      13/50        11G     0.3768     0.4022    0.06639         14       1280: 15% ━╸────────── 12/76 15.2s/it 3:18<16:12[K      13/50        11G     0.3695     0.3998    0.06452         16       1280: 17% ━━────────── 13/76 15.4s/it 3:34<16:08[K      13/50        11G     0.3654     0.4042    0.06254         22       1280: 18% ━━────────── 14/76 15.3s/it 3:49<15:47[K      13/50        11G     0.3798     0.4009    0.06488         25       1280: 19% ━━────────── 15/76 15.3s/it 4:05<15:35[K      13/50        11G      0.377     0.4043    0.06513         20       1280: 21% ━━╸───────── 16/76 15.1s/it 4:19<15:06[K      13/50        11G     0.3626     0.3995     0.0629         15       1280: 22% ━━╸───────── 17/76 15.3s/it 4:35<15:01[K      13/50        11G     0.3805     0.3939    0.06668         15       1280: 23% ━━╸───────── 18/76 14.4s/it 4:48<13:57[K      13/50        11G     0.3832     0.3967    0.06694         31       1280: 25% ━━━───────── 19/76 14.3s/it 5:02<13:35[K      13/50        11G      0.383     0.4045    0.06701         17       1280: 26% ━━━───────── 20/76 14.9s/it 5:18<13:54[K      13/50        11G     0.3767     0.4008    0.06543         12       1280: 27% ━━━───────── 21/76 14.9s/it 5:33<13:38[K      13/50        11G     0.3897      0.397     0.0693         27       1280: 28% ━━━───────── 22/76 14.9s/it 5:48<13:27[K      13/50        11G      0.386      0.399    0.06844         11       1280: 30% ━━━╸──────── 23/76 14.5s/it 6:01<12:46[K      13/50        11G     0.3828     0.3966    0.06722         12       1280: 31% ━━━╸──────── 24/76 14.9s/it 6:17<12:53[K      13/50        11G     0.3794     0.4033    0.06619         17       1280: 32% ━━━╸──────── 25/76 14.7s/it 6:32<12:32[K      13/50        11G     0.3738     0.4005    0.06686         11       1280: 34% ━━━━──────── 26/76 15.0s/it 6:47<12:29[K      13/50        11G     0.3759     0.4058     0.0669         17       1280: 35% ━━━━──────── 27/76 15.2s/it 7:03<12:24[K      13/50        11G     0.3756      0.418    0.06732          7       1280: 36% ━━━━──────── 28/76 14.9s/it 7:17<11:55[K      13/50        11G     0.3738     0.4189    0.06702         23       1280: 38% ━━━━╸─────── 29/76 14.2s/it 7:30<11:07[K      13/50        11G     0.3673     0.4146    0.06612         16       1280: 39% ━━━━╸─────── 30/76 15.0s/it 7:47<11:28[K      13/50        11G     0.3672     0.4124    0.06557         20       1280: 40% ━━━━╸─────── 31/76 15.5s/it 8:04<11:36[K      13/50        11G     0.3708     0.4114    0.06605         23       1280: 42% ━━━━━─────── 32/76 15.4s/it 8:19<11:18[K      13/50        11G      0.373     0.4121    0.06549         19       1280: 43% ━━━━━─────── 33/76 15.2s/it 8:34<10:54[K      13/50        11G     0.3672     0.4092    0.06499         12       1280: 44% ━━━━━─────── 34/76 15.4s/it 8:50<10:45[K      13/50        11G     0.3659     0.4127    0.06538         23       1280: 46% ━━━━━╸────── 35/76 14.7s/it 9:03<10:01[K      13/50        11G     0.3655     0.4121    0.06484         12       1280: 47% ━━━━━╸────── 36/76 15.2s/it 9:20<10:08[K      13/50        11G     0.3673      0.412    0.06533         20       1280: 48% ━━━━━╸────── 37/76 15.1s/it 9:35<9:49[K      13/50        11G     0.3661     0.4124    0.06483         11       1280: 50% ━━━━━━────── 38/76 15.7s/it 9:52<9:55[K      13/50        11G     0.3671     0.4132    0.06476         14       1280: 51% ━━━━━━────── 39/76 15.2s/it 10:06<9:22[K      13/50        11G     0.3641     0.4136    0.06427         21       1280: 52% ━━━━━━────── 40/76 15.5s/it 10:22<9:18[K      13/50        11G     0.3627     0.4131    0.06499         14       1280: 53% ━━━━━━────── 41/76 15.2s/it 10:37<8:52[K      13/50        11G     0.3641     0.4113    0.06601         18       1280: 55% ━━━━━━╸───── 42/76 15.1s/it 10:52<8:34[K      13/50        11G     0.3636     0.4107    0.06705         14       1280: 56% ━━━━━━╸───── 43/76 14.9s/it 11:06<8:11[K      13/50        11G     0.3622     0.4149    0.06701         18       1280: 57% ━━━━━━╸───── 44/76 15.3s/it 11:22<8:08[K      13/50        11G     0.3648     0.4168    0.06762         12       1280: 59% ━━━━━━━───── 45/76 15.6s/it 11:39<8:03[K      13/50        11G      0.367     0.4215    0.07049         15       1280: 60% ━━━━━━━───── 46/76 15.9s/it 11:55<7:57[K      13/50        11G     0.3635     0.4201    0.06985         14       1280: 61% ━━━━━━━───── 47/76 15.6s/it 12:10<7:34[K      13/50        11G     0.3646      0.424    0.07232         11       1280: 63% ━━━━━━━╸──── 48/76 15.8s/it 12:27<7:23[K      13/50        11G     0.3626     0.4235    0.07171         30       1280: 64% ━━━━━━━╸──── 49/76 15.7s/it 12:42<7:04[K      13/50        11G     0.3591     0.4229    0.07097         18       1280: 65% ━━━━━━━╸──── 50/76 14.9s/it 12:56<6:29[K      13/50        11G     0.3577     0.4238    0.07076         29       1280: 67% ━━━━━━━━──── 51/76 14.9s/it 13:10<6:13[K      13/50        11G     0.3567     0.4262    0.07042         39       1280: 68% ━━━━━━━━──── 52/76 14.7s/it 13:25<5:52[K      13/50        11G      0.354     0.4249    0.07006         18       1280: 69% ━━━━━━━━──── 53/76 14.8s/it 13:40<5:40[K      13/50        11G     0.3544     0.4259    0.07018         20       1280: 71% ━━━━━━━━╸─── 54/76 15.3s/it 13:56<5:38[K      13/50        11G     0.3543     0.4261    0.07006         13       1280: 72% ━━━━━━━━╸─── 55/76 15.4s/it 14:12<5:24[K      13/50        11G     0.3542     0.4248    0.06954         29       1280: 73% ━━━━━━━━╸─── 56/76 15.0s/it 14:26<5:00[K      13/50        11G     0.3541     0.4236    0.06979         23       1280: 75% ━━━━━━━━━─── 57/76 14.5s/it 14:40<4:36[K      13/50        11G     0.3529     0.4223    0.06957         18       1280: 76% ━━━━━━━━━─── 58/76 14.5s/it 14:54<4:21[K      13/50        11G     0.3502     0.4222    0.06926         18       1280: 77% ━━━━━━━━━─── 59/76 14.4s/it 15:08<4:04[K      13/50        11G     0.3504     0.4222    0.06908         14       1280: 78% ━━━━━━━━━─── 60/76 13.9s/it 15:21<3:43[K      13/50        11G     0.3508      0.423    0.06883         19       1280: 80% ━━━━━━━━━╸── 61/76 14.5s/it 15:37<3:37[K      13/50        11G     0.3574     0.4277    0.06955          8       1280: 81% ━━━━━━━━━╸── 62/76 13.7s/it 15:49<3:11[K      13/50        11G     0.3572     0.4276    0.06972         37       1280: 82% ━━━━━━━━━╸── 63/76 14.1s/it 16:05<3:04[K      13/50        11G     0.3574     0.4268    0.06939          9       1280: 84% ━━━━━━━━━━── 64/76 14.7s/it 16:21<2:56[K      13/50        11G     0.3582     0.4264    0.07048         25       1280: 85% ━━━━━━━━━━── 65/76 14.6s/it 16:35<2:40[K      13/50        11G     0.3566     0.4251    0.07021         26       1280: 86% ━━━━━━━━━━── 66/76 14.1s/it 16:48<2:21[K      13/50        11G     0.3576     0.4258    0.07098         22       1280: 88% ━━━━━━━━━━╸─ 67/76 14.2s/it 17:03<2:08[K      13/50        11G     0.3558     0.4255    0.07059         24       1280: 89% ━━━━━━━━━━╸─ 68/76 14.0s/it 17:16<1:52[K      13/50        11G     0.3561     0.4275    0.07055         22       1280: 90% ━━━━━━━━━━╸─ 69/76 13.6s/it 17:29<1:35[K      13/50        11G     0.3561     0.4278    0.07006          8       1280: 92% ━━━━━━━━━━━─ 70/76 14.8s/it 17:48<1:29[K      13/50        11G     0.3543     0.4281    0.06954         14       1280: 93% ━━━━━━━━━━━─ 71/76 14.4s/it 18:01<1:12[K      13/50        11G     0.3525     0.4277    0.06915         12       1280: 94% ━━━━━━━━━━━─ 72/76 14.5s/it 18:16<57.9s[K      13/50        11G     0.3506     0.4274    0.06867         15       1280: 96% ━━━━━━━━━━━╸ 73/76 14.1s/it 18:29<42.3s[K      13/50        11G      0.351     0.4305    0.06846         25       1280: 97% ━━━━━━━━━━━╸ 74/76 14.4s/it 18:44<28.9s[K      13/50        11G     0.3485     0.4287    0.06815         13       1280: 98% ━━━━━━━━━━━╸ 75/76 9.6s/it 18:50<9.6s[K      13/50        11G     0.3485     0.4287    0.06815         13       1280: 100% ━━━━━━━━━━━━ 76/76 14.9s/it 18:50
[K                 Class     Images  Instances      Box(P          R      mAP50  mAP50-95): 14% ━╸────────── 1/7 4.4s/it 1.3s<26.2s[K                 Class     Images  Instances      Box(P          R      mAP50  mAP50-95): 28% ━━━───────── 2/7 2.5s/it 2.6s<12.7s[K                 Class     Images  Instances      Box(P          R      mAP50  mAP50-95): 42% ━━━━━─────── 3/7 2.0s/it 3.9s<7.8s[K                 Class     Images  Instances      Box(P          R      mAP50  mAP50-95): 57% ━━━━━━╸───── 4/7 1.0it/s 4.3s<2.9s[K                 Class     Images  Instances      Box(P          R      mAP50  mAP50-95): 71% ━━━━━━━━╸─── 5/7 1.1s/it 5.6s<2.1s[K                 Class     Images  Instances      Box(P          R      mAP50  mAP50-95): 85% ━━━━━━━━━━── 6/7 1.1s/it 6.9s<1.1s[K                 Class     Images  Instances      Box(P          R      mAP50  mAP50-95): 100% ━━━━━━━━━━━━ 7/7 1.0it/s 7.0s
                   all         49         62      0.877      0.436      0.507      0.376

      Epoch    GPU_mem  giou_loss   cls_loss    l1_loss  Instances       Size
/home/aliikched/stage/Compost_Waste_Yolo/compost-yolo/venv/lib/python3.12/site-packages/torch/autograd/graph.py:882: UserWarning: grid_sampler_2d_backward_cuda does not have a deterministic implementation, but you set 'torch.use_deterministic_algorithms(True, warn_only=True)'. You can file an issue at https://github.com/pytorch/pytorch/issues to help us prioritize adding deterministic support for this operation. (Triggered internally at /pytorch/aten/src/ATen/Context.cpp:160.)
  return Variable._execution_engine.run_backward(  # Calls into the C++ engine to run the backward pass
[K      14/50        11G     0.6872     0.3682      0.108          9       1280: 0% ──────────── 0/76  15.5s[K      14/50        11G     0.4934     0.3765    0.07083         28       1280: 1% ──────────── 1/76 59.9s/it 33.5s<1:14:49[K      14/50        11G     0.4619     0.3967    0.06945         29       1280: 2% ──────────── 2/76 30.5s/it 47.7s<37:38[K      14/50        11G     0.4135      0.393    0.06959         18       1280: 3% ──────────── 3/76 23.2s/it 1:03<28:17[K      14/50        11G     0.3893     0.3745    0.06729         26       1280: 5% ╸─────────── 4/76 20.2s/it 1:18<24:14[K      14/50        11G     0.3767     0.3914    0.06472         32       1280: 6% ╸─────────── 5/76 18.5s/it 1:34<21:55[K      14/50        11G       0.38     0.3921    0.06227         27       1280: 7% ╸─────────── 6/76 17.7s/it 1:50<20:41[K      14/50        11G     0.3729     0.4073    0.05944         25       1280: 9% ━─────────── 7/76 17.4s/it 2:06<19:59[K      14/50        11G     0.3701     0.4003    0.06022         25       1280: 10% ━─────────── 8/76 16.1s/it 2:20<18:12[K      14/50        11G     0.3755      0.395    0.06323         30       1280: 11% ━─────────── 9/76 15.6s/it 2:35<17:24[K      14/50        11G     0.3754     0.3949    0.06267         17       1280: 13% ━╸────────── 10/76 16.5s/it 2:54<18:10[K      14/50        11G     0.3681     0.3823    0.06399         12       1280: 14% ━╸────────── 11/76 15.3s/it 3:07<16:32[K      14/50        11G      0.374     0.3999     0.0683         12       1280: 15% ━╸────────── 12/76 16.2s/it 3:26<17:14[K      14/50        11G     0.3627     0.3958     0.0654         10       1280: 17% ━━────────── 13/76 15.9s/it 3:41<16:41[K      14/50        11G     0.3564      0.394    0.06701         13       1280: 18% ━━────────── 14/76 15.2s/it 3:55<15:45[K      14/50        11G     0.3593     0.3983    0.06664         13       1280: 19% ━━────────── 15/76 15.3s/it 4:10<15:33[K      14/50        11G     0.3668      0.396    0.06823         26       1280: 21% ━━╸───────── 16/76 15.6s/it 4:27<15:36[K      14/50        11G     0.3574     0.3914     0.0662         37       1280: 22% ━━╸───────── 17/76 15.4s/it 4:42<15:11[K      14/50        11G     0.3609      0.388    0.06611         26       1280: 23% ━━╸───────── 18/76 15.7s/it 4:58<15:08[K      14/50        11G     0.3595     0.3904    0.06503         16       1280: 25% ━━━───────── 19/76 15.5s/it 5:13<14:41[K      14/50        11G     0.3564      0.387    0.06817         12       1280: 26% ━━━───────── 20/76 15.6s/it 5:29<14:32[K      14/50        11G     0.3582     0.3964    0.06758         17       1280: 27% ━━━───────── 21/76 16.3s/it 5:47<14:55[K      14/50        11G     0.3611     0.4004    0.06927         17       1280: 28% ━━━───────── 22/76 15.7s/it 6:01<14:07[K      14/50        11G     0.3521     0.3965    0.06739         25       1280: 30% ━━━╸──────── 23/76 15.5s/it 6:16<13:41[K      14/50        11G      0.353     0.3954    0.06767         34       1280: 31% ━━━╸──────── 24/76 22.1s/it 1:07:13<19:08[K      14/50        11G     0.3563     0.4053    0.06815         20       1280: 32% ━━━╸──────── 25/76 31.5s/it 2:24:35<26:45[K      14/50        11G     0.3608     0.4093    0.06788         27       1280: 34% ━━━━──────── 26/76 20.4s/it 2:24:46<17:01[K      14/50        11G     0.3589     0.4146    0.06682          9       1280: 35% ━━━━──────── 27/76 15.2s/it 2:24:56<12:24[K      14/50        11G       0.36     0.4143    0.06834         18       1280: 36% ━━━━──────── 28/76 13.1s/it 2:25:06<10:29[K      14/50        11G     0.3582     0.4193    0.06756         22       1280: 38% ━━━━╸─────── 29/76 11.8s/it 2:25:15<9:15[K      14/50        11G     0.3585     0.4173     0.0672         16       1280: 39% ━━━━╸─────── 30/76 11.0s/it 2:25:25<8:24[K      14/50        11G     0.3541     0.4188    0.06626         19       1280: 40% ━━━━╸─────── 31/76 9.8s/it 2:25:33<7:23[K      14/50        11G     0.3518      0.418    0.06531         33       1280: 42% ━━━━━─────── 32/76 10.1s/it 2:25:43<7:23[K      14/50        11G      0.347     0.4158    0.06459         14       1280: 43% ━━━━━─────── 33/76 9.7s/it 2:25:52<6:58[K      14/50        11G     0.3446     0.4137    0.06443         10       1280: 44% ━━━━━─────── 34/76 9.9s/it 2:26:03<6:58[K      14/50        11G     0.3423     0.4096    0.06503         19       1280: 46% ━━━━━╸────── 35/76 10.3s/it 2:26:14<7:04[K      14/50        11G     0.3415     0.4078    0.06495         12       1280: 47% ━━━━━╸────── 36/76 10.8s/it 2:26:26<7:13[K      14/50        11G      0.338     0.4057    0.06478         13       1280: 48% ━━━━━╸────── 37/76 10.8s/it 2:26:37<7:00[K      14/50        11G     0.3326     0.4046    0.06375         14       1280: 50% ━━━━━━────── 38/76 11.5s/it 2:26:51<7:18[K      14/50        11G     0.3302      0.411    0.06305         15       1280: 51% ━━━━━━────── 39/76 11.2s/it 2:27:01<6:54[K      14/50        11G     0.3305     0.4081    0.06319         25       1280: 52% ━━━━━━────── 40/76 11.0s/it 2:27:12<6:36[K      14/50        11G     0.3276     0.4077    0.06296         15       1280: 53% ━━━━━━────── 41/76 11.7s/it 2:27:26<6:50[K      14/50        11G      0.331     0.4047    0.06296         20       1280: 55% ━━━━━━╸───── 42/76 11.6s/it 2:27:37<6:33[K      14/50        11G     0.3292     0.4061    0.06231         18       1280: 56% ━━━━━━╸───── 43/76 12.2s/it 2:27:51<6:41[K      14/50        11G     0.3327     0.4054    0.06271         29       1280: 57% ━━━━━━╸───── 44/76 11.3s/it 2:28:01<6:03[K      14/50        11G      0.332      0.407     0.0623         16       1280: 59% ━━━━━━━───── 45/76 11.9s/it 2:28:14<6:08[K      14/50        11G     0.3368     0.4112    0.06239         14       1280: 60% ━━━━━━━───── 46/76 12.2s/it 2:28:27<6:05[K      14/50        11G     0.3336     0.4085    0.06162         14       1280: 61% ━━━━━━━───── 47/76 12.6s/it 2:28:40<6:04[K      14/50        11G     0.3366     0.4072     0.0619         21       1280: 63% ━━━━━━━╸──── 48/76 12.8s/it 2:28:54<5:60[K      14/50        11G     0.3327     0.4064    0.06128         14       1280: 64% ━━━━━━━╸──── 49/76 12.8s/it 2:29:07<5:46[K      14/50        11G     0.3367     0.4057     0.0616         29       1280: 65% ━━━━━━━╸──── 50/76 12.1s/it 2:29:17<5:13[K      14/50        11G     0.3383     0.4075    0.06234         14       1280: 67% ━━━━━━━━──── 51/76 12.8s/it 2:29:32<5:19[K      14/50        11G     0.3412     0.4089    0.06232         37       1280: 68% ━━━━━━━━──── 52/76 12.8s/it 2:29:45<5:07[K      14/50        11G     0.3405     0.4079    0.06186         25       1280: 69% ━━━━━━━━──── 53/76 12.0s/it 2:29:55<4:36[K      14/50        11G     0.3392     0.4129    0.06138         14       1280: 71% ━━━━━━━━╸─── 54/76 13.0s/it 2:30:12<4:47[K      14/50        11G     0.3439     0.4125    0.06178         23       1280: 72% ━━━━━━━━╸─── 55/76 13.2s/it 2:30:25<4:36[K      14/50        11G     0.3444     0.4132    0.06159         12       1280: 73% ━━━━━━━━╸─── 56/76 12.3s/it 2:30:36<4:06[K      14/50        11G     0.3513     0.4148     0.0622         13       1280: 75% ━━━━━━━━━─── 57/76 12.1s/it 2:30:48<3:50[K      14/50        11G     0.3498     0.4142    0.06195         24       1280: 76% ━━━━━━━━━─── 58/76 12.7s/it 2:31:02<3:49[K      14/50        11G     0.3512     0.4185    0.06218         19       1280: 77% ━━━━━━━━━─── 59/76 12.4s/it 2:31:14<3:30[K      14/50        11G     0.3555     0.4183    0.06368         11       1280: 78% ━━━━━━━━━─── 60/76 12.9s/it 2:31:28<3:27[K      14/50        11G      0.353     0.4169    0.06327         23       1280: 80% ━━━━━━━━━╸── 61/76 12.8s/it 2:31:41<3:12[K      14/50        11G     0.3533     0.4183    0.06282         25       1280: 81% ━━━━━━━━━╸── 62/76 12.6s/it 2:31:53<2:56[K      14/50        11G     0.3542     0.4186    0.06266         49       1280: 82% ━━━━━━━━━╸── 63/76 12.4s/it 2:32:05<2:41[K      14/50        11G     0.3548     0.4174     0.0628         13       1280: 84% ━━━━━━━━━━── 64/76 13.2s/it 2:32:20<2:39[K      14/50        11G     0.3543     0.4171     0.0626         21       1280: 85% ━━━━━━━━━━── 65/76 12.3s/it 2:32:31<2:15[K      14/50        11G      0.355     0.4176    0.06439         12       1280: 86% ━━━━━━━━━━── 66/76 12.6s/it 2:32:44<2:06[K      14/50        11G     0.3525      0.417    0.06378         18       1280: 88% ━━━━━━━━━━╸─ 67/76 12.8s/it 2:32:57<1:55[K      14/50        11G     0.3534     0.4159    0.06405         18       1280: 89% ━━━━━━━━━━╸─ 68/76 13.2s/it 2:33:12<1:46[K      14/50        11G     0.3518     0.4148    0.06394         16       1280: 90% ━━━━━━━━━━╸─ 69/76 12.7s/it 2:33:23<1:29[K      14/50        11G     0.3496     0.4151    0.06368          5       1280: 92% ━━━━━━━━━━━─ 70/76 12.5s/it 2:33:35<1:15[K      14/50        11G     0.3473     0.4137    0.06338         50       1280: 93% ━━━━━━━━━━━─ 71/76 13.0s/it 2:33:50<1:05[K      14/50        11G     0.3445      0.416    0.06307         13       1280: 94% ━━━━━━━━━━━─ 72/76 13.0s/it 2:34:03<51.8s[K      14/50        11G     0.3417     0.4142    0.06255         20       1280: 96% ━━━━━━━━━━━╸ 73/76 13.6s/it 2:34:18<40.7s[K      14/50        11G     0.3442     0.4163    0.06262         19       1280: 97% ━━━━━━━━━━━╸ 74/76 14.2s/it 2:34:34<28.3s[K      14/50        11G      0.343     0.4166    0.06247         17       1280: 98% ━━━━━━━━━━━╸ 75/76 10.0s/it 2:34:40<10.0s[K      14/50        11G      0.343     0.4166    0.06247         17       1280: 100% ━━━━━━━━━━━━ 76/76 122.1s/it 2:34:40
[K                 Class     Images  Instances      Box(P          R      mAP50  mAP50-95): 14% ━╸────────── 1/7 2.6s/it 0.8s<15.4s[K                 Class     Images  Instances      Box(P          R      mAP50  mAP50-95): 28% ━━━───────── 2/7 1.3it/s 1.1s<3.8s[K                 Class     Images  Instances      Box(P          R      mAP50  mAP50-95): 42% ━━━━━─────── 3/7 2.0it/s 1.3s<2.0s[K                 Class     Images  Instances      Box(P          R      mAP50  mAP50-95): 57% ━━━━━━╸───── 4/7 2.5it/s 1.6s<1.2s[K                 Class     Images  Instances      Box(P          R      mAP50  mAP50-95): 71% ━━━━━━━━╸─── 5/7 2.8it/s 1.9s<0.7s[K                 Class     Images  Instances      Box(P          R      mAP50  mAP50-95): 85% ━━━━━━━━━━── 6/7 3.0it/s 2.2s<0.3s[K                 Class     Images  Instances      Box(P          R      mAP50  mAP50-95): 100% ━━━━━━━━━━━━ 7/7 3.0it/s 2.3s
                   all         49         62      0.905       0.47      0.529      0.398

      Epoch    GPU_mem  giou_loss   cls_loss    l1_loss  Instances       Size
/home/aliikched/stage/Compost_Waste_Yolo/compost-yolo/venv/lib/python3.12/site-packages/torch/autograd/graph.py:882: UserWarning: grid_sampler_2d_backward_cuda does not have a deterministic implementation, but you set 'torch.use_deterministic_algorithms(True, warn_only=True)'. You can file an issue at https://github.com/pytorch/pytorch/issues to help us prioritize adding deterministic support for this operation. (Triggered internally at /pytorch/aten/src/ATen/Context.cpp:160.)
  return Variable._execution_engine.run_backward(  # Calls into the C++ engine to run the backward pass
[K      15/50        11G     0.2585     0.5041    0.02367         12       1280: 0% ──────────── 0/76  15.4s[K      15/50        11G     0.3539     0.4258    0.04661         29       1280: 1% ──────────── 1/76 45.2s/it 29.0s<56:34[K      15/50        11G     0.3384     0.3982    0.06277         21       1280: 2% ──────────── 2/76 25.7s/it 41.8s<31:43[K      15/50        11G     0.3403     0.3811    0.07031         21       1280: 3% ──────────── 3/76 17.2s/it 51.5s<20:52[K      15/50        11G     0.3245     0.4025    0.06204         16       1280: 5% ╸─────────── 4/76 15.9s/it 1:05<19:03[K      15/50        11G     0.3334     0.3965     0.0704         25       1280: 6% ╸─────────── 5/76 15.0s/it 1:18<17:47[K      15/50        11G     0.3033      0.388     0.0641         11       1280: 7% ╸─────────── 6/76 12.5s/it 1:27<14:37[K      15/50        11G     0.3122     0.3826    0.07182         16       1280: 9% ━─────────── 7/76 13.2s/it 1:43<15:12[K      15/50        11G     0.3112     0.3849    0.06838         21       1280: 10% ━─────────── 8/76 12.6s/it 1:54<14:14[K      15/50        11G     0.3075     0.3914    0.06761         32       1280: 11% ━─────────── 9/76 11.5s/it 2:03<12:49[K      15/50        11G     0.3146     0.3995    0.06539         16       1280: 13% ━╸────────── 10/76 12.2s/it 2:18<13:27[K      15/50        11G     0.3239     0.4082    0.07171         18       1280: 14% ━╸────────── 11/76 12.2s/it 2:30<13:14[K      15/50        11G     0.3274      0.413    0.06979         26       1280: 15% ━╸────────── 12/76 12.0s/it 2:41<12:48[K      15/50        11G      0.321     0.4108     0.0721         20       1280: 17% ━━────────── 13/76 12.2s/it 2:54<12:49[K      15/50        11G     0.3257     0.4184    0.07061         15       1280: 18% ━━────────── 14/76 13.0s/it 3:10<13:27[K      15/50        11G     0.3282     0.4175    0.07174         27       1280: 19% ━━────────── 15/76 12.5s/it 3:21<12:44[K      15/50        11G     0.3343     0.4157    0.07114         31       1280: 21% ━━╸───────── 16/76 11.6s/it 3:31<11:38[K      15/50        11G     0.3472     0.4263    0.07092         29       1280: 22% ━━╸───────── 17/76 12.2s/it 3:45<11:59[K      15/50        11G     0.3507     0.4256    0.07266         16       1280: 23% ━━╸───────── 18/76 12.1s/it 3:57<11:39[K      15/50        11G     0.3494      0.426    0.07177         29       1280: 25% ━━━───────── 19/76 12.2s/it 4:09<11:33[K      15/50        11G     0.3443     0.4244    0.07056         21       1280: 26% ━━━───────── 20/76 12.2s/it 4:21<11:22[K      15/50        11G     0.3387     0.4229    0.06946         19       1280: 27% ━━━───────── 21/76 12.3s/it 4:34<11:14[K      15/50        11G      0.336     0.4205    0.06804         29       1280: 28% ━━━───────── 22/76 12.4s/it 4:46<11:09[K      15/50        11G     0.3318     0.4187    0.06697         29       1280: 30% ━━━╸──────── 23/76 11.8s/it 4:57<10:25[K      15/50        11G     0.3232     0.4168    0.06513         17       1280: 31% ━━━╸──────── 24/76 12.1s/it 5:10<10:28[K      15/50        11G     0.3194     0.4133    0.06465         25       1280: 32% ━━━╸──────── 25/76 12.0s/it 5:22<10:13[K      15/50        11G     0.3158     0.4097    0.06446         13       1280: 34% ━━━━──────── 26/76 11.7s/it 5:33<9:46[K      15/50        11G     0.3121     0.4083     0.0634         19       1280: 35% ━━━━──────── 27/76 11.3s/it 5:43<9:14[K      15/50        11G     0.3119     0.4076    0.06396         18       1280: 36% ━━━━──────── 28/76 12.0s/it 5:57<9:36[K      15/50        11G     0.3122     0.4112    0.06391         21       1280: 38% ━━━━╸─────── 29/76 12.5s/it 6:11<9:47[K      15/50        11G      0.311     0.4121    0.06535         22       1280: 39% ━━━━╸─────── 30/76 12.2s/it 6:23<9:22[K      15/50        11G     0.3041     0.4148    0.06406         12       1280: 40% ━━━━╸─────── 31/76 12.5s/it 6:36<9:24[K      15/50        11G     0.3034     0.4155    0.06389         25       1280: 42% ━━━━━─────── 32/76 12.0s/it 6:47<8:46[K      15/50        11G     0.3045     0.4162    0.06468         14       1280: 43% ━━━━━─────── 33/76 11.9s/it 6:58<8:32[K      15/50        11G     0.3018     0.4155    0.06381         17       1280: 44% ━━━━━─────── 34/76 11.7s/it 7:10<8:11[K      15/50        11G     0.3062     0.4178    0.06426          9       1280: 46% ━━━━━╸────── 35/76 12.2s/it 7:23<8:20[K      15/50        11G     0.3048     0.4228    0.06347         12       1280: 47% ━━━━━╸────── 36/76 11.9s/it 7:35<7:56[K      15/50        11G     0.3022     0.4206    0.06274         21       1280: 48% ━━━━━╸────── 37/76 11.9s/it 7:47<7:46[K      15/50        11G     0.3017     0.4268     0.0621         20       1280: 50% ━━━━━━────── 38/76 11.6s/it 7:58<7:22[K      15/50        11G     0.3046     0.4227    0.06364         14       1280: 51% ━━━━━━────── 39/76 11.5s/it 8:09<7:06[K      15/50        11G     0.3041     0.4261      0.063         20       1280: 52% ━━━━━━────── 40/76 12.5s/it 8:24<7:30[K      15/50        11G     0.3071     0.4249    0.06318         12       1280: 53% ━━━━━━────── 41/76 12.4s/it 8:37<7:14[K      15/50        11G     0.3105     0.4242    0.06332         25       1280: 55% ━━━━━━╸───── 42/76 12.2s/it 8:48<6:55[K      15/50        11G     0.3084     0.4239    0.06268         18       1280: 56% ━━━━━━╸───── 43/76 12.6s/it 9:02<6:55[K      15/50        11G     0.3112     0.4226    0.06291         16       1280: 57% ━━━━━━╸───── 44/76 12.4s/it 9:14<6:37[K      15/50        11G     0.3175     0.4224    0.06375         24       1280: 59% ━━━━━━━───── 45/76 13.2s/it 9:30<6:50[K      15/50        11G     0.3196     0.4221    0.06385         25       1280: 60% ━━━━━━━───── 46/76 13.9s/it 9:45<6:58[K      15/50        11G     0.3183     0.4212     0.0633         21       1280: 61% ━━━━━━━───── 47/76 12.5s/it 9:55<6:01[K      15/50        11G     0.3178     0.4222    0.06272         12       1280: 63% ━━━━━━━╸──── 48/76 13.3s/it 10:11<6:13[K      15/50        11G     0.3133     0.4184    0.06182          8       1280: 64% ━━━━━━━╸──── 49/76 13.3s/it 10:25<6:00[K      15/50        11G     0.3136     0.4182     0.0619         27       1280: 65% ━━━━━━━╸──── 50/76 12.8s/it 10:36<5:32[K      15/50        11G      0.314     0.4176    0.06188         10       1280: 67% ━━━━━━━━──── 51/76 12.5s/it 10:48<5:13[K      15/50        11G     0.3141     0.4202    0.06208         23       1280: 68% ━━━━━━━━──── 52/76 13.0s/it 11:03<5:12[K      15/50        11G      0.315     0.4184    0.06193         19       1280: 69% ━━━━━━━━──── 53/76 13.2s/it 11:17<5:05[K      15/50        11G     0.3166     0.4166    0.06254         21       1280: 71% ━━━━━━━━╸─── 54/76 13.0s/it 11:29<4:45[K      15/50        11G     0.3151     0.4157    0.06207         24       1280: 72% ━━━━━━━━╸─── 55/76 13.0s/it 11:42<4:34[K      15/50        11G      0.319     0.4172    0.06208         12       1280: 73% ━━━━━━━━╸─── 56/76 13.0s/it 11:55<4:20[K      15/50        11G     0.3192     0.4162    0.06207         10       1280: 75% ━━━━━━━━━─── 57/76 12.9s/it 12:08<4:06[K      15/50        11G     0.3189     0.4166    0.06196         27       1280: 76% ━━━━━━━━━─── 58/76 13.1s/it 12:21<3:57[K      15/50        11G     0.3176     0.4171    0.06157         22       1280: 77% ━━━━━━━━━─── 59/76 12.9s/it 12:34<3:39[K      15/50        11G     0.3184     0.4159    0.06148         26       1280: 78% ━━━━━━━━━─── 60/76 13.0s/it 12:47<3:28[K      15/50        11G     0.3205     0.4155    0.06152         26       1280: 80% ━━━━━━━━━╸── 61/76 13.6s/it 13:02<3:24[K      15/50        11G     0.3235     0.4162     0.0619         26       1280: 81% ━━━━━━━━━╸── 62/76 13.9s/it 13:17<3:14[K      15/50        11G     0.3243     0.4155    0.06188         28       1280: 82% ━━━━━━━━━╸── 63/76 13.3s/it 13:29<2:53[K      15/50        11G     0.3269     0.4149     0.0629         31       1280: 84% ━━━━━━━━━━── 64/76 11.7s/it 13:38<2:20[K      15/50        11G     0.3258     0.4155    0.06291         20       1280: 85% ━━━━━━━━━━── 65/76 12.6s/it 13:54<2:19[K      15/50        11G     0.3237     0.4136    0.06256         12       1280: 86% ━━━━━━━━━━── 66/76 12.6s/it 14:06<2:06[K      15/50        11G     0.3269     0.4138    0.06446         21       1280: 88% ━━━━━━━━━━╸─ 67/76 12.7s/it 14:19<1:54[K      15/50        11G     0.3294     0.4145     0.0643         42       1280: 89% ━━━━━━━━━━╸─ 68/76 12.0s/it 14:30<1:36[K      15/50        11G      0.331     0.4168    0.06428         23       1280: 90% ━━━━━━━━━━╸─ 69/76 11.9s/it 14:41<1:23[K      15/50        11G     0.3302     0.4161    0.06387         16       1280: 92% ━━━━━━━━━━━─ 70/76 11.1s/it 14:51<1:07[K      15/50        11G     0.3283     0.4143    0.06353         14       1280: 93% ━━━━━━━━━━━─ 71/76 11.4s/it 15:03<57.2s[K      15/50        11G     0.3316     0.4134    0.06378         15       1280: 94% ━━━━━━━━━━━─ 72/76 11.8s/it 15:16<47.1s[K      15/50        11G     0.3307     0.4134    0.06345         18       1280: 96% ━━━━━━━━━━━╸ 73/76 12.0s/it 15:28<35.9s[K      15/50        11G     0.3303     0.4151     0.0632         11       1280: 97% ━━━━━━━━━━━╸ 74/76 11.3s/it 15:38<22.6s[K      15/50        11G     0.3274     0.4125    0.06276         15       1280: 98% ━━━━━━━━━━━╸ 75/76 8.6s/it 15:44<8.6s[K      15/50        11G     0.3274     0.4125    0.06276         15       1280: 100% ━━━━━━━━━━━━ 76/76 12.4s/it 15:44
[K                 Class     Images  Instances      Box(P          R      mAP50  mAP50-95): 14% ━╸────────── 1/7 1.6it/s 0.2s<3.7s[K                 Class     Images  Instances      Box(P          R      mAP50  mAP50-95): 28% ━━━───────── 2/7 2.7it/s 0.4s<1.8s[K                 Class     Images  Instances      Box(P          R      mAP50  mAP50-95): 42% ━━━━━─────── 3/7 3.8it/s 0.5s<1.1s[K                 Class     Images  Instances      Box(P          R      mAP50  mAP50-95): 57% ━━━━━━╸───── 4/7 4.6it/s 0.7s<0.6s[K                 Class     Images  Instances      Box(P          R      mAP50  mAP50-95): 71% ━━━━━━━━╸─── 5/7 5.2it/s 0.8s<0.4s[K                 Class     Images  Instances      Box(P          R      mAP50  mAP50-95): 85% ━━━━━━━━━━── 6/7 5.5it/s 1.0s<0.2s[K                 Class     Images  Instances      Box(P          R      mAP50  mAP50-95): 100% ━━━━━━━━━━━━ 7/7 6.5it/s 1.1s
                   all         49         62       0.91      0.499      0.693      0.443

      Epoch    GPU_mem  giou_loss   cls_loss    l1_loss  Instances       Size
/home/aliikched/stage/Compost_Waste_Yolo/compost-yolo/venv/lib/python3.12/site-packages/torch/autograd/graph.py:882: UserWarning: grid_sampler_2d_backward_cuda does not have a deterministic implementation, but you set 'torch.use_deterministic_algorithms(True, warn_only=True)'. You can file an issue at https://github.com/pytorch/pytorch/issues to help us prioritize adding deterministic support for this operation. (Triggered internally at /pytorch/aten/src/ATen/Context.cpp:160.)
  return Variable._execution_engine.run_backward(  # Calls into the C++ engine to run the backward pass
[K      16/50        11G     0.5581     0.3126      0.172         16       1280: 0% ──────────── 0/76  14.3s[K      16/50        11G     0.5434     0.3537     0.1379          8       1280: 1% ──────────── 1/76 53.4s/it 30.3s<1:06:45[K      16/50        11G     0.5115     0.3754     0.1141         18       1280: 2% ──────────── 2/76 28.5s/it 43.9s<35:07[K      16/50        11G      0.442     0.3614     0.1025         14       1280: 3% ──────────── 3/76 23.3s/it 1:00<28:23[K      16/50        11G     0.4464     0.3856    0.09991         20       1280: 5% ╸─────────── 4/76 18.4s/it 1:13<22:03[K      16/50        11G     0.3995     0.3612    0.09096          9       1280: 6% ╸─────────── 5/76 16.9s/it 1:27<19:59[K      16/50        11G     0.3948     0.3661    0.08579         31       1280: 7% ╸─────────── 6/76 16.7s/it 1:43<19:29[K      16/50        11G     0.3612     0.3707    0.08249          5       1280: 9% ━─────────── 7/76 16.1s/it 1:58<18:34[K      16/50        11G     0.3602     0.3552    0.07968         20       1280: 10% ━─────────── 8/76 15.6s/it 2:13<17:40[K      16/50        11G     0.3649     0.3571    0.07758         15       1280: 11% ━─────────── 9/76 14.8s/it 2:26<16:34[K      16/50        11G     0.3494     0.3521    0.07365         10       1280: 13% ━╸────────── 10/76 15.2s/it 2:42<16:41[K      16/50        11G     0.3382     0.3467    0.07145         11       1280: 14% ━╸────────── 11/76 14.5s/it 2:55<15:45[K      16/50        11G      0.343     0.3372    0.07162         13       1280: 15% ━╸────────── 12/76 15.1s/it 3:12<16:04[K      16/50        11G     0.3435     0.3452    0.07798         12       1280: 17% ━━────────── 13/76 14.9s/it 3:26<15:38[K      16/50        11G     0.3327     0.3444    0.07464         20       1280: 18% ━━────────── 14/76 14.6s/it 3:40<15:06[K      16/50        11G     0.3203     0.3437    0.07127         11       1280: 19% ━━────────── 15/76 13.3s/it 3:51<13:31[K      16/50        11G     0.3158     0.3589    0.06983         11       1280: 21% ━━╸───────── 16/76 14.1s/it 4:08<14:09[K      16/50        11G     0.3143     0.3571    0.06813         25       1280: 22% ━━╸───────── 17/76 13.2s/it 4:19<13:01[K      16/50        11G     0.3133      0.363    0.06756         13       1280: 23% ━━╸───────── 18/76 13.7s/it 4:34<13:16[K      16/50        11G     0.3053     0.3623    0.06549         11       1280: 25% ━━━───────── 19/76 13.8s/it 4:48<13:05[K      16/50        11G     0.3032     0.3606    0.06443         13       1280: 26% ━━━───────── 20/76 13.1s/it 4:60<12:15[K      16/50        11G     0.2998     0.3648    0.06259         11       1280: 27% ━━━───────── 21/76 13.6s/it 5:15<12:26[K      16/50        11G     0.2928     0.3597    0.06161         17       1280: 28% ━━━───────── 22/76 13.8s/it 5:29<12:24[K      16/50        11G     0.2938     0.3554    0.06122         19       1280: 30% ━━━╸──────── 23/76 12.9s/it 5:40<11:26[K      16/50        11G     0.2912     0.3559    0.06035         14       1280: 31% ━━━╸──────── 24/76 12.6s/it 5:52<10:54[K      16/50        11G     0.2899     0.3638    0.05979         17       1280: 32% ━━━╸──────── 25/76 11.9s/it 6:03<10:07[K      16/50        11G     0.2879     0.3621    0.05911         15       1280: 34% ━━━━──────── 26/76 12.4s/it 6:16<10:19[K      16/50        11G     0.2915     0.3577    0.05942         17       1280: 35% ━━━━──────── 27/76 12.3s/it 6:29<10:05[K      16/50        11G     0.2935     0.3598    0.05916         17       1280: 36% ━━━━──────── 28/76 12.9s/it 6:43<10:21[K      16/50        11G     0.2937     0.3582    0.06014         12       1280: 38% ━━━━╸─────── 29/76 12.4s/it 6:54<9:42[K      16/50        11G      0.296     0.3595    0.06042         24       1280: 39% ━━━━╸─────── 30/76 12.6s/it 7:07<9:39[K      16/50        11G     0.2963     0.3635       0.06         29       1280: 40% ━━━━╸─────── 31/76 12.8s/it 7:21<9:36[K      16/50        11G     0.2983     0.3608    0.06201         14       1280: 42% ━━━━━─────── 32/76 12.6s/it 7:33<9:13[K      16/50        11G      0.299      0.357    0.06217          9       1280: 43% ━━━━━─────── 33/76 12.7s/it 7:46<9:05[K      16/50        11G     0.2979     0.3624    0.06163         15       1280: 44% ━━━━━─────── 34/76 13.3s/it 8:01<9:18[K      16/50        11G     0.2952     0.3629    0.06126         12       1280: 46% ━━━━━╸────── 35/76 13.0s/it 8:13<8:53[K      16/50        11G     0.3003     0.3662    0.06198          9       1280: 47% ━━━━━╸────── 36/76 13.2s/it 8:27<8:46[K      16/50        11G     0.2976     0.3679    0.06129         28       1280: 48% ━━━━━╸────── 37/76 12.9s/it 8:39<8:22[K      16/50        11G     0.3052     0.3697    0.06165         27       1280: 50% ━━━━━━────── 38/76 12.8s/it 8:51<8:05[K      16/50        11G     0.3027     0.3691    0.06136         26       1280: 51% ━━━━━━────── 39/76 13.1s/it 9:05<8:05[K      16/50        11G     0.3046     0.3726    0.06148         15       1280: 52% ━━━━━━────── 40/76 13.2s/it 9:19<7:55[K      16/50        11G     0.3042     0.3702    0.06144         20       1280: 53% ━━━━━━────── 41/76 13.1s/it 9:32<7:40[K      16/50        11G     0.3084     0.3698    0.06201         27       1280: 55% ━━━━━━╸───── 42/76 13.3s/it 9:45<7:32[K      16/50        11G     0.3056     0.3684    0.06152         19       1280: 56% ━━━━━━╸───── 43/76 13.4s/it 9:59<7:24[K      16/50        11G     0.3079     0.3713    0.06182         14       1280: 57% ━━━━━━╸───── 44/76 13.3s/it 10:12<7:04[K      16/50        11G      0.306     0.3758    0.06181         18       1280: 59% ━━━━━━━───── 45/76 13.1s/it 10:25<6:46[K      16/50        11G     0.3043     0.3793    0.06155         17       1280: 60% ━━━━━━━───── 46/76 12.4s/it 10:36<6:13[K      16/50        11G     0.3059     0.3795    0.06204         10       1280: 61% ━━━━━━━───── 47/76 13.1s/it 10:51<6:19[K      16/50        11G     0.3084     0.3802    0.06239         34       1280: 63% ━━━━━━━╸──── 48/76 12.3s/it 11:02<5:45[K      16/50        11G     0.3074     0.3806    0.06191         21       1280: 64% ━━━━━━━╸──── 49/76 13.0s/it 11:17<5:52[K      16/50        11G     0.3047     0.3786    0.06119         21       1280: 65% ━━━━━━━╸──── 50/76 13.8s/it 11:33<6:00[K      16/50        11G     0.3046     0.3756    0.06176         12       1280: 67% ━━━━━━━━──── 51/76 13.4s/it 11:45<5:35[K      16/50        11G     0.3103     0.3762    0.06246         15       1280: 68% ━━━━━━━━──── 52/76 13.9s/it 12:01<5:35[K      16/50        11G     0.3113     0.3775    0.06246         15       1280: 69% ━━━━━━━━──── 53/76 13.9s/it 12:15<5:21[K      16/50        11G     0.3145     0.3776    0.06299         13       1280: 71% ━━━━━━━━╸─── 54/76 14.9s/it 12:32<5:27[K      16/50        11G     0.3139     0.3772    0.06286         34       1280: 72% ━━━━━━━━╸─── 55/76 14.9s/it 12:47<5:12[K      16/50        11G     0.3133     0.3775    0.06294         19       1280: 73% ━━━━━━━━╸─── 56/76 14.9s/it 13:02<4:58[K      16/50        11G     0.3107     0.3769    0.06254         31       1280: 75% ━━━━━━━━━─── 57/76 14.7s/it 13:16<4:39[K      16/50        11G     0.3138     0.3798    0.06265         30       1280: 76% ━━━━━━━━━─── 58/76 15.1s/it 13:32<4:31[K      16/50        11G     0.3142     0.3807    0.06241         34       1280: 77% ━━━━━━━━━─── 59/76 14.6s/it 13:46<4:09[K      16/50        11G     0.3133     0.3798    0.06247         29       1280: 78% ━━━━━━━━━─── 60/76 15.8s/it 14:05<4:12[K      16/50        11G     0.3152     0.3811    0.06233         12       1280: 80% ━━━━━━━━━╸── 61/76 15.9s/it 14:22<3:59[K      16/50        11G      0.315     0.3817     0.0624         25       1280: 81% ━━━━━━━━━╸── 62/76 15.9s/it 14:37<3:42[K      16/50        11G     0.3148     0.3828    0.06276         16       1280: 82% ━━━━━━━━━╸── 63/76 15.6s/it 14:52<3:22[K      16/50        11G     0.3152     0.3816    0.06299         16       1280: 84% ━━━━━━━━━━── 64/76 15.7s/it 15:08<3:08[K      16/50        11G     0.3146     0.3824    0.06251         30       1280: 85% ━━━━━━━━━━── 65/76 14.6s/it 15:21<2:41[K      16/50        11G     0.3157     0.3849     0.0623         19       1280: 86% ━━━━━━━━━━── 66/76 15.4s/it 15:38<2:34[K      16/50        11G     0.3157     0.3851    0.06328         18       1280: 88% ━━━━━━━━━━╸─ 67/76 13.1s/it 15:48<1:58[K      16/50        11G     0.3165     0.3853    0.06317         21       1280: 89% ━━━━━━━━━━╸─ 68/76 13.6s/it 16:03<1:49[K      16/50        11G     0.3158     0.3852    0.06292         36       1280: 90% ━━━━━━━━━━╸─ 69/76 13.3s/it 16:16<1:33[K      16/50        11G     0.3144     0.3857    0.06249         25       1280: 92% ━━━━━━━━━━━─ 70/76 13.9s/it 16:31<1:24[K      16/50        11G     0.3137     0.3861    0.06214         20       1280: 93% ━━━━━━━━━━━─ 71/76 14.0s/it 16:45<1:10[K      16/50        11G     0.3133     0.3862    0.06197         28       1280: 94% ━━━━━━━━━━━─ 72/76 14.5s/it 17:01<58.0s[K      16/50        11G     0.3154     0.3858    0.06234         24       1280: 96% ━━━━━━━━━━━╸ 73/76 14.3s/it 17:15<43.0s[K      16/50        11G     0.3149     0.3856     0.0622         23       1280: 97% ━━━━━━━━━━━╸ 74/76 13.4s/it 17:27<26.8s[K      16/50        11G     0.3137     0.3842    0.06194         13       1280: 98% ━━━━━━━━━━━╸ 75/76 10.6s/it 17:34<10.6s[K      16/50        11G     0.3137     0.3842    0.06194         13       1280: 100% ━━━━━━━━━━━━ 76/76 13.9s/it 17:34
[K                 Class     Images  Instances      Box(P          R      mAP50  mAP50-95): 14% ━╸────────── 1/7 2.5s/it 0.7s<14.8s[K                 Class     Images  Instances      Box(P          R      mAP50  mAP50-95): 28% ━━━───────── 2/7 1.1s/it 1.2s<5.5s[K                 Class     Images  Instances      Box(P          R      mAP50  mAP50-95): 42% ━━━━━─────── 3/7 1.3it/s 1.7s<3.1s[K                 Class     Images  Instances      Box(P          R      mAP50  mAP50-95): 57% ━━━━━━╸───── 4/7 1.5it/s 2.2s<2.0s[K                 Class     Images  Instances      Box(P          R      mAP50  mAP50-95): 71% ━━━━━━━━╸─── 5/7 1.7it/s 2.6s<1.2s[K                 Class     Images  Instances      Box(P          R      mAP50  mAP50-95): 85% ━━━━━━━━━━── 6/7 1.8it/s 3.1s<0.5s[K                 Class     Images  Instances      Box(P          R      mAP50  mAP50-95): 100% ━━━━━━━━━━━━ 7/7 2.2it/s 3.2s
                   all         49         62      0.858      0.457      0.524      0.406

      Epoch    GPU_mem  giou_loss   cls_loss    l1_loss  Instances       Size
/home/aliikched/stage/Compost_Waste_Yolo/compost-yolo/venv/lib/python3.12/site-packages/torch/autograd/graph.py:882: UserWarning: grid_sampler_2d_backward_cuda does not have a deterministic implementation, but you set 'torch.use_deterministic_algorithms(True, warn_only=True)'. You can file an issue at https://github.com/pytorch/pytorch/issues to help us prioritize adding deterministic support for this operation. (Triggered internally at /pytorch/aten/src/ATen/Context.cpp:160.)
  return Variable._execution_engine.run_backward(  # Calls into the C++ engine to run the backward pass
[K      17/50        11G     0.3264     0.5007    0.05606         29       1280: 0% ──────────── 0/76  14.1s[K      17/50        11G     0.3299     0.4299    0.05529         18       1280: 1% ──────────── 1/76 56.8s/it 31.1s<1:10:57[K      17/50        11G     0.3292     0.4413    0.05561         27       1280: 2% ──────────── 2/76 27.2s/it 43.4s<33:36[K      17/50        11G     0.3199     0.4415     0.0518         22       1280: 3% ──────────── 3/76 22.7s/it 59.8s<27:40[K      17/50        11G     0.2984     0.4319     0.0479         30       1280: 5% ╸─────────── 4/76 17.7s/it 1:11<21:13[K      17/50        11G     0.2911     0.4099    0.04697         10       1280: 6% ╸─────────── 5/76 16.5s/it 1:26<19:30[K      17/50        11G     0.2906     0.4056    0.05004         25       1280: 7% ╸─────────── 6/76 15.8s/it 1:40<18:25[K      17/50        11G      0.288     0.3942    0.04885         23       1280: 9% ━─────────── 7/76 14.9s/it 1:53<17:06[K      17/50        11G     0.2697     0.3827    0.04681         11       1280: 10% ━─────────── 8/76 13.7s/it 2:05<15:31[K      17/50        11G     0.2773     0.3802    0.04701         32       1280: 11% ━─────────── 9/76 12.3s/it 2:15<13:46[K      17/50        11G      0.274     0.3764    0.04597         19       1280: 13% ━╸────────── 10/76 12.9s/it 2:29<14:15[K      17/50        11G      0.289     0.3879    0.04739         18       1280: 14% ━╸────────── 11/76 13.3s/it 2:44<14:25[K      17/50        11G      0.311     0.4151    0.05517         17       1280: 15% ━╸────────── 12/76 13.1s/it 2:56<13:55[K      17/50        11G     0.3346     0.4173    0.05742         10       1280: 17% ━━────────── 13/76 12.8s/it 3:08<13:24[K      17/50        11G     0.3271     0.4148      0.057         14       1280: 18% ━━────────── 14/76 13.3s/it 3:23<13:47[K      17/50        11G     0.3216     0.4047    0.05578         23       1280: 19% ━━────────── 15/76 13.7s/it 3:38<13:54[K      17/50        11G     0.3365     0.4141    0.05781         13       1280: 21% ━━╸───────── 16/76 13.8s/it 3:52<13:46[K      17/50        11G     0.3317     0.4106    0.05572         13       1280: 22% ━━╸───────── 17/76 13.7s/it 4:05<13:29[K      17/50        11G     0.3327      0.408    0.05793         19       1280: 23% ━━╸───────── 18/76 13.4s/it 4:18<12:55[K      17/50        11G     0.3345     0.4117    0.05826         17       1280: 25% ━━━───────── 19/76 13.6s/it 4:32<12:55[K      17/50        11G     0.3334     0.4175    0.05837         20       1280: 26% ━━━───────── 20/76 13.2s/it 4:44<12:18[K      17/50        11G     0.3345     0.4135    0.05809         37       1280: 27% ━━━───────── 21/76 13.5s/it 4:59<12:23[K      17/50        11G     0.3331     0.4135    0.05697          8       1280: 28% ━━━───────── 22/76 14.2s/it 5:15<12:45[K      17/50        11G     0.3327     0.4136    0.05775         13       1280: 30% ━━━╸──────── 23/76 13.6s/it 5:27<12:03[K      17/50        11G     0.3251      0.407    0.05742         18       1280: 31% ━━━╸──────── 24/76 14.2s/it 5:43<12:19[K      17/50        11G     0.3232     0.4042    0.05699         24       1280: 32% ━━━╸──────── 25/76 14.7s/it 5:59<12:31[K      17/50        11G      0.321     0.4054    0.05688         29       1280: 34% ━━━━──────── 26/76 14.6s/it 6:13<12:10[K      17/50        11G     0.3181     0.4045    0.05702         22       1280: 35% ━━━━──────── 27/76 14.6s/it 6:28<11:56[K      17/50        11G     0.3225     0.4059    0.05835          9       1280: 36% ━━━━──────── 28/76 15.6s/it 6:47<12:31[K      17/50        11G     0.3274     0.4045    0.05817         18       1280: 38% ━━━━╸─────── 29/76 15.2s/it 7:01<11:56[K      17/50        11G     0.3216     0.4047     0.0578         13       1280: 39% ━━━━╸─────── 30/76 15.5s/it 7:17<11:52[K      17/50        11G     0.3343      0.403    0.06055         17       1280: 40% ━━━━╸─────── 31/76 14.7s/it 7:30<10:60[K      17/50        11G     0.3285     0.4007    0.05939         17       1280: 42% ━━━━━─────── 32/76 15.0s/it 7:46<11:01[K      17/50        11G     0.3329      0.398    0.06069         28       1280: 43% ━━━━━─────── 33/76 14.7s/it 8:00<10:31[K      17/50        11G      0.331     0.3976    0.06047         16       1280: 44% ━━━━━─────── 34/76 15.0s/it 8:16<10:31[K      17/50        11G     0.3319     0.3968    0.06032         30       1280: 46% ━━━━━╸────── 35/76 15.5s/it 8:33<10:34[K      17/50        11G     0.3282     0.3942    0.05986         25       1280: 47% ━━━━━╸────── 36/76 16.6s/it 8:53<11:03[K      17/50        11G     0.3293     0.3936    0.05915         16       1280: 48% ━━━━━╸────── 37/76 15.8s/it 9:07<10:18[K      17/50        11G     0.3282     0.3912    0.05901         28       1280: 50% ━━━━━━────── 38/76 16.4s/it 9:25<10:23[K      17/50        11G     0.3283     0.3906    0.05859         23       1280: 51% ━━━━━━────── 39/76 15.5s/it 9:38<9:33[K      17/50        11G     0.3261     0.3898    0.05786         12       1280: 52% ━━━━━━────── 40/76 15.0s/it 9:53<9:02[K      17/50        11G     0.3323     0.3923    0.05833         16       1280: 53% ━━━━━━────── 41/76 14.6s/it 10:06<8:30[K      17/50        11G     0.3296     0.3907    0.05765          9       1280: 55% ━━━━━━╸───── 42/76 14.4s/it 10:20<8:10[K      17/50        11G     0.3273     0.3901    0.05708         14       1280: 56% ━━━━━━╸───── 43/76 14.5s/it 10:35<7:60[K      17/50        11G     0.3268     0.3907    0.05794         10       1280: 57% ━━━━━━╸───── 44/76 14.6s/it 10:50<7:47[K      17/50        11G      0.327     0.3916    0.05776         16       1280: 59% ━━━━━━━───── 45/76 14.9s/it 11:06<7:42[K      17/50        11G     0.3307     0.3948     0.0588         17       1280: 60% ━━━━━━━───── 46/76 14.7s/it 11:20<7:20[K      17/50        11G     0.3325      0.397    0.05949         15       1280: 61% ━━━━━━━───── 47/76 13.9s/it 11:32<6:42[K      17/50        11G     0.3312     0.3964    0.05944         26       1280: 63% ━━━━━━━╸──── 48/76 14.8s/it 11:49<6:54[K      17/50        11G     0.3329     0.3966    0.05955         11       1280: 64% ━━━━━━━╸──── 49/76 14.2s/it 12:02<6:24[K      17/50        11G     0.3308     0.3965    0.05926         26       1280: 65% ━━━━━━━╸──── 50/76 13.9s/it 12:16<6:01[K      17/50        11G     0.3322      0.399    0.05988          9       1280: 67% ━━━━━━━━──── 51/76 14.2s/it 12:31<5:55[K      17/50        11G     0.3329     0.4029    0.06131         23       1280: 68% ━━━━━━━━──── 52/76 13.7s/it 12:43<5:29[K      17/50        11G     0.3322     0.4038    0.06117         11       1280: 69% ━━━━━━━━──── 53/76 14.5s/it 13:00<5:35[K      17/50        11G     0.3304     0.4022    0.06103         25       1280: 71% ━━━━━━━━╸─── 54/76 14.6s/it 13:15<5:22[K      17/50        11G     0.3323     0.4006    0.06205         16       1280: 72% ━━━━━━━━╸─── 55/76 15.4s/it 13:33<5:23[K      17/50        11G     0.3309     0.3987      0.063         19       1280: 73% ━━━━━━━━╸─── 56/76 15.3s/it 13:48<5:06[K      17/50        11G     0.3311     0.3984    0.06279         12       1280: 75% ━━━━━━━━━─── 57/76 15.5s/it 14:04<4:55[K      17/50        11G     0.3296     0.3974    0.06256         20       1280: 76% ━━━━━━━━━─── 58/76 15.9s/it 14:21<4:46[K      17/50        11G     0.3302      0.396     0.0625         26       1280: 77% ━━━━━━━━━─── 59/76 16.0s/it 14:37<4:33[K      17/50        11G     0.3382     0.3955    0.06592          7       1280: 78% ━━━━━━━━━─── 60/76 16.3s/it 14:54<4:21[K      17/50        11G      0.341     0.3962    0.06628         34       1280: 80% ━━━━━━━━━╸── 61/76 15.8s/it 15:09<3:57[K      17/50        11G     0.3429     0.3954    0.06683         26       1280: 81% ━━━━━━━━━╸── 62/76 15.6s/it 15:24<3:38[K      17/50        11G      0.342     0.3932     0.0667         29       1280: 82% ━━━━━━━━━╸── 63/76 16.1s/it 15:41<3:30[K      17/50        11G     0.3409     0.3955    0.06663         11       1280: 84% ━━━━━━━━━━── 64/76 16.3s/it 15:58<3:15[K      17/50        11G     0.3398     0.3938     0.0663         19       1280: 85% ━━━━━━━━━━── 65/76 14.9s/it 16:10<2:44[K      17/50        11G     0.3398      0.393    0.06667         11       1280: 86% ━━━━━━━━━━── 66/76 15.6s/it 16:28<2:36[K      17/50        11G     0.3403     0.3913     0.0663         17       1280: 88% ━━━━━━━━━━╸─ 67/76 16.2s/it 16:46<2:26[K      17/50        11G      0.338     0.3904    0.06588         12       1280: 89% ━━━━━━━━━━╸─ 68/76 15.5s/it 16:60<2:04[K      17/50        11G     0.3355       0.39     0.0654          8       1280: 90% ━━━━━━━━━━╸─ 69/76 15.3s/it 17:15<1:47[K      17/50        11G     0.3328     0.3905    0.06487          8       1280: 92% ━━━━━━━━━━━─ 70/76 16.3s/it 17:34<1:38[K      17/50        11G     0.3337     0.3904    0.06492         18       1280: 93% ━━━━━━━━━━━─ 71/76 14.9s/it 17:47<1:15